Proteins,Positions.within.proteins,Number.of.Acetyl..K.,Sequence.window,Acetyl..K..Probabilities,Acetyl..K..Score.diffs,Position.in.peptide
YAL035W,303,1,TTQENASEAIKSDSKKDSEVVPDDELKESED,K(1)DSEVVPDDELK,K(164.2)DSEVVPDDELK(-164.2),1
YAL035W,286,1,GEENKPKKVVYSKKKKRTTQENASEAIKSDS,K(1)RTTQENASEAIK,K(48.53)RTTQENASEAIK(-48.53),1
YAL035W,199,1,EEQEKLEREEEERLEKEEEERLANEEKMKEE,LEREEEERLEK(1)EEEERLANEEK,LEREEEERLEK(50.2)EEEERLANEEK(-50.2),11
YAL035W,149,1,KAAAEKAAAEKSQKSKGESDKPSASAKKPAK,SK(1)GESDKPSASAK,SK(54.82)GESDK(-54.82)PSASAK(-84.75),2
YAL038W,196,1,LPGTDVDLPALSEKDKEDLRFGVKNGVHMVF,DK(1)EDLRFGVK,DK(52.25)EDLRFGVK(-52.25),2
YAL038W,475,1,INFGIEKAKEFGILKKGDTYVSIQGFKAGAG,K(1)GDTYVSIQGFK,K(120.21)GDTYVSIQGFK(-120.21),1
YBL002W;YDR224C,12;12,1,____MSSAAEKKPASKAPAEKKPAAKKTSTS,KPASK(1)APAEK,K(-50.42)PASK(50.42)APAEK(-103.43),5
YER102W;YBL072C,128;128,1,FEAHYGQTLGKKKNVKEEETVAKSKNAERKW,NVK(1)EEETVAK,NVK(120.03)EEETVAK(-120.03),3
YNL030W;YBR009C,17;17,1;2,SGRGKGGKGLGKGGAKRHRKILRDNIQGITK,GLGK(1)GGAK(1)RHRK,GLGK(65.84)GGAK(65.84)RHRK(-65.84),8
YNL030W;YBR009C,9;9,2,_______MSGRGKGGKGLGKGGAKRHRKILR,SGRGK(1)GGK(1)GLGK,SGRGK(70.37)GGK(70.37)GLGK(-70.37),8
YNL030W;YBR009C,13;13,2,___MSGRGKGGKGLGKGGAKRHRKILRDNIQ,GLGK(1)GGAK(1)RHRK,GLGK(65.84)GGAK(65.84)RHRK(-65.84),4
YNL030W;YBR009C,6;6,1;2,__________MSGRGKGGKGLGKGGAKRHRK,SGRGK(1)GGK(1)GLGK,SGRGK(70.37)GGK(70.37)GLGK(-70.37),5
YNL031C;YBR010W,28;28,1;2,GGKAPRKQLASKAARKSAPSTGGVKKPHRYK,QLASK(1)AARK(1)SAPSTGGVK,QLASK(43.33)AARK(43.33)SAPSTGGVK(-43.33),9
YNL031C;YBR010W,19;19,1;2,TKQTARKSTGGKAPRKQLASKAARKSAPSTG,STGGK(1)APRK(1)QLASK,STGGK(50.16)APRK(50.16)QLASK(-50.16),9
YNL031C;YBR010W,24;24,1;2,RKSTGGKAPRKQLASKAARKSAPSTGGVKKP,QLASK(1)AARK(1)SAPSTGGVK,QLASK(43.33)AARK(43.33)SAPSTGGVK(-43.33),5
YNL031C;YBR010W,10;10,1;2,______MARTKQTARKSTGGKAPRKQLASKA,QTARK(1)STGGK(1)APRK,QTARK(49.07)STGGK(49.07)APRK(-49.07),5
YNL031C;YBR010W,15;15,1;2,_MARTKQTARKSTGGKAPRKQLASKAARKSA,STGGK(1)APRK(1)QLASK,STGGK(50.16)APRK(50.16)QLASK(-50.16),5
YDR025W;YBR048W,57;57,1,FKTPKTAIEGSYIDKKCPFTGLVSIRGKILT,K(1)CPFTGLVSIRGK,K(62.49)CPFTGLVSIRGK(-62.49),1
YPL090C;YBR181C,116;116,1,IVGPDLAVLALVIVKKGEQELEGLTDTTVPK,K(1)GEQELEGLTDTTVPK,K(84.38)GEQELEGLTDTTVPK(-84.38),1
YBR189W;YPL081W,92;92,1,IRRLVRVGVLSEDKKKLDYVLALKVEDFLER,K(1)LDYVLALK,K(53.57)LDYVLALK(-53.57),1
YBR208C,258,1,DNDEYSRPYVSNPLKKFSSNVTIAIPKNIPW,K(1)FSSNVTIAIPK,K(46.8)FSSNVTIAIPK(-46.8),1
YBR218C,6,1,__________MSSSKKLAGLRDNFSLLGEKN,K(1)LAGLRDNFSLLGEK,K(44.73)LAGLRDNFSLLGEK(-44.73),1
YBR218C,711,1,EATVCYSGDMLQPGKKYNLDYYLEVVEKIVQ,K(1)YNLDYYLEVVEK,K(145.69)YNLDYYLEVVEK(-145.69),1
YBR227C,76,1,SVAVYNHYLRINDKQKKGELQRQRELMEREK,VLSVAVYNHYLRINDK(0.138)QK(0.862)K,VLSVAVYNHYLRINDK(-7.94)QK(7.94)K(-40.8),18
YDR389W,414,2,LAKREQQERLSTENKKNNGDKQKTDPIEIPK,K(1)NNGDK(1)QK,K(58.6)NNGDK(58.6)QK(-58.6),1
YDR389W,419,2,QQERLSTENKKNNGDKQKTDPIEIPKITSSD,K(1)NNGDK(1)QK,K(58.6)NNGDK(58.6)QK(-58.6),6
YML026C;YDR450W,49;49,1,TIKGVGRRYSNLVCKKADVDLHKRAGELTQE,K(1)ADVDLHK,K(76.17)ADVDLHK(-76.17),1
YDR500C,75,1,GTGRMRYLKHVSRRFKNGFQTGSAKATSA__,HVSRRFK(1)NGFQTGSAK,HVSRRFK(61.52)NGFQTGSAK(-61.52),7
YDR500C,32,1,TLCNRCGRRSFHVQKKTCSSCGYPSAKTRSH,K(1)TCSSCGYPSAK,K(44.51)TCSSCGYPSAK(-44.51),1
YIL069C;YER074W,84;84,1,SVGFGLVYNSVAEAKKFEPTYRLVRYGLAEK,K(1)FEPTYRLVRYGLAEK,K(69.48)FEPTYRLVRYGLAEK(-69.48),1
YGL008C;YPL036W,457;486,1,KYKVLEFHPFDPVSKKVTAVVESPEGERIVC,K(1)VTAVVESPEGERIVCVK,K(50.87)VTAVVESPEGERIVCVK(-50.87),1
YGL031C;YGR148C,97;97,1,ITGASLDLIKERRSLKPEVRKANREEKLKAN,ERRSLK(1)PEVRK,ERRSLK(41.48)PEVRK(-41.48),6
YGL031C;YGR148C,61;61,1,PRRIAWTVLFRKHHKKGITEEVAKKRSRKTV,K(1)GITEEVAKK,K(101.42)GITEEVAK(-101.42)K(-102.53),1
YGL031C,2,1,______________MKVEIDSFSGAKIYPGR,MK(1)VEIDSFSGAK,MK(59.71)VEIDSFSGAK(-59.71),2
YGL031C,137,1,ARKAEKAKSAGTQSSKFSKQQAKGAFQKVAA,SAGTQSSK(1)FSK,SAGTQSSK(117.79)FSK(-117.79),8
YGL031C;YGR148C,77;77,1,GITEEVAKKRSRKTVKAQRPITGASLDLIKE,TVK(1)AQRPITGASLDLIK,TVK(54.76)AQRPITGASLDLIK(-54.76),3
YGL062W,710,1,EATVCFSGDMLQPGKKYNLDYYLEIAEKIVQ,K(1)YNLDYYLEIAEK,K(167.69)YNLDYYLEIAEK(-167.69),1
YGL105W,135,1,NHDLDLPHEVIEKKKKAPAGGAADAAAKADE,K(1)APAGGAADAAAK,K(40.28)APAGGAADAAAK(-40.28),1
YGL105W,158,1,DAAAKADEDVSKKAKKQDHPRGKPDEETLKK,K(1)QDHPRGKPDEETLKK,K(78.29)QDHPRGK(-78.29)PDEETLK(-138.35)K(-144.73),1
YGL123W,84,IDTLLPGLQDEVMNIKPVQKQTRAGQRTRFK,EFQIIDTLLPGLQDEVMNIK(1)PVQK,EFQIIDTLLPGLQDEVMNIK(49.12)PVQK(-49.12),20
YPL220W;YGL135W,106;106,1,KKLNKNKKLIKKLSKKYNAFIASEVLIKQVP,K(1)YNAFIASEVLIK,K(137.21)YNAFIASEVLIK(-137.21),1
YPL220W;YGL135W,91;91,1,RAKSCGVDAMSVDDLKKLNKNKKLIKKLSKK,SCGVDAMSVDDLK(1)K,SCGVDAMSVDDLK(58.63)K(-58.63),13
YGL245W,688,1,ERKGYYRLDALPKDGKPYVFFTIPDGKSVNK,DGK(1)PYVFFTIPDGK,DGK(65.3)PYVFFTIPDGK(-65.3),3
YGL245W,249,1,GKLIIRFDDTNPSKEKEEFQDSILEDLDLLG,EK(1)EEFQDSILEDLDLLGIK,EK(65.76)EEFQDSILEDLDLLGIK(-65.76),2
YGL245W,586,1,EEVTLMDWGNVIITKKNDDGSMVAKLNLEGD,K(1)NDDGSMVAK,K(105.2)NDDGSMVAK(-105.2),1
YGL245W,542,1,EAPQEPKIEMKPKHKKNPAVGEKKVIYYKDI,K(1)NPAVGEK,K(55.46)NPAVGEK(-55.46),1
YGL245W,503,1,NVINLEWNLIWAFNKKVIDPIAPRHTAIVNP,K(1)VIDPIAPRHTAIVNPVK,K(57.17)VIDPIAPRHTAIVNPVK(-57.17),1
YGL245W,603,1,DDGSMVAKLNLEGDFKKTKHKLTWLADTKDV,LNLEGDFK(1)K,LNLEGDFK(50.47)K(-50.47),8
YGL245W,139,1,CWGALRSNGMCGSIIKNKVDVNVSRWYTLLE,YSAADVACWGALRSNGMCGSIIK(1)NK,YSAADVACWGALRSNGMCGSIIK(55.25)NK(-55.25),23
YPR132W;YGR118W,114;114,1,NDEVLLAGFGRKGKAKGDIPGVRFKVVKVSG,AK(1)GDIPGVRFK,AK(55.26)GDIPGVRFK(-55.26),2
YPR132W;YGR118W,5;5,1,___________MGKGKPRGLNSARKLRVHRR,GK(1)PRGLNSARK,GK(43.31)PRGLNSARK(-43.31),2
YGR148C,2,1,______________MKVEVDSFSGAKIYPGR,MK(1)VEVDSFSGAK,MK(73.88)VEVDSFSGAK(-73.88),2
YGR159C,142,1,SDSESEKEESNDKKRKSEDAEEEEDEESSNK,RK(1)SEDAEEEEDEESSNKK,RK(91.32)SEDAEEEEDEESSNK(-91.32)K(-91.32),2
YGR192C;YJR009C,116;116,1,KELDTAQKHIDAGAKKVVITAPSSTAPMFVM,K(1)VVITAPSSTAPMFVMGVNEEK,K(53.55)VVITAPSSTAPMFVMGVNEEK(-53.55),1
YGR192C,184,1,EEGLMTTVHSLTATQKTVDGPSHKDWRGGRT,VINDAFGIEEGLMTTVHSLTATQK(1)TVDGPSHK,VINDAFGIEEGLMTTVHSLTATQK(58)TVDGPSHK(-58),24
YGR229C,480,1,AKKDDDVNKQTEEMNKKEENEIRSDDAKVEE,QTEEMNK(1)K,QTEEMNK(61.58)K(-61.58),7
YGR240C,891,1,RFAVKCIKFIEQWNKKNEASPNTDAKVLRFK,K(1)NEASPNTDAK,K(73.93)NEASPNTDAK(-73.93),1
YGR264C,738,1,NINKAEYLFQRIDEKKIDEWRAKYGGQQV__,K(1)IDEWRAK,K(47.19)IDEWRAK(-47.19),1
YGR264C,608,1,VNAKYNGVVPKFDPKKVSNYDGLVKDINEIL,K(1)VSNYDGLVK,K(57.16)VSNYDGLVK(-57.16),1
YHL015W,8,1,________MSDFQKEKVEEQEQQQQQIIKIR,EK(1)VEEQEQQQQQIIK,EK(320.05)VEEQEQQQQQIIK(-320.05),2
YHR072W-A,19,1,MYTLGPDGKRIYTLKKVTESGEITKSAHPAR,K(1)VTESGEITK,K(85.52)VTESGEITK(-85.52),1
YIL038C,282,2,SKLSKKEQRKLEREAKKAAKLAAKNATGAAI,LEREAK(1)K(1)AAK,LEREAK(54.26)K(54.26)AAK(-54.26),6
YIL038C,283,2,KLSKKEQRKLEREAKKAAKLAAKNATGAAIP,LEREAK(1)K(1)AAK,LEREAK(54.26)K(54.26)AAK(-54.26),7
YJL050W,377,2,NQIGDDPNSTDSRGKKGQTYKGGSAKGDAKG,K(1)GQTYK(1)GGSAK,K(51.25)GQTYK(51.25)GGSAK(-51.25),1
YJL050W,382,2,DPNSTDSRGKKGQTYKGGSAKGDAKGDIYKI,K(1)GQTYK(1)GGSAK,K(51.25)GQTYK(51.25)GGSAK(-51.25),6
YJL052W,246,1,FRVPTVDVSVVDLTVKLEKEATYDQIKKAVK,LTGMAFRVPTVDVSVVDLTVK(1)LEK,LTGMAFRVPTVDVSVVDLTVK(90.06)LEK(-90.06),21
YJL082W,57,1,DFVLDDRTDEGLNLLKKAEMETGSDQTILTL,AMDFVLDDRTDEGLNLLK(1)K,AMDFVLDDRTDEGLNLLK(48.29)K(-48.29),18
YKR059W;YJL138C,226;226,1,VTTKFMRNPVRILVKKDELTLEGIKQFYVNV,K(1)DELTLEGIK,K(45.89)DELTLEGIK(-45.89),1
YJL148W,195,1,FHVAEEVKENKKEPKKRSHHDDEEESSEKKK,K(1)RSHHDDEEESSEK,K(61.41)RSHHDDEEESSEK(-61.41),1
YJR123W,213,1,LINAAKGSSTSYAIKKKDELERVAKSNR___,K(0.99)K(0.01)DELERVAK,K(19.83)K(-19.83)DELERVAK(-93.93),1
YJR123W,214,1,INAAKGSSTSYAIKKKDELERVAKSNR____,K(0.368)K(0.632)DELERVAK,K(-2.35)K(2.35)DELERVAK(-64.82),2
YLR029C;YMR121C,83;83,1,RGNRKRPVPKGATYGKPTNQGVNELKYQRSL,GATYGK(1)PTNQGVNELK,GATYGK(85.36)PTNQGVNELK(-85.36),6
YLR075W,170,1,ARYKFPGQQKIILSKKWGFTNLDRPEYLKKR,K(1)WGFTNLDRPEYLK,K(56.51)WGFTNLDRPEYLK(-56.51),1
YLR185W,32,1,TLCNRCGRRSFHVQKKTCSSCGYPAAKTRSY,K(1)TCSSCGYPAAK,K(69.46)TCSSCGYPAAK(-69.46),1
YLR197W,439,1,NELAIQEAMELYNKDKPAAEVEETKEKESSK,DK(1)PAAEVEETK,DK(60.16)PAAEVEETK(-60.16),2
YLR197W,457,1,AEVEETKEKESSKKRKLEDDDEEKKEKKEKK,RK(1)LEDDDEEKK,RK(82.41)LEDDDEEK(-82.41)K(-95.42),2
YLR249W,991,1,HNWVSGQGAGPRIEKKEDEEDKFDAMGNKIA,K(1)EDEEDKFDAMGNK,K(81.74)EDEEDK(-81.74)FDAMGNK(-130.27),1
YLR441C,243,1,LMALHGEGSGEEKGKKVTGFKDEVLETV___,K(0.998)VTGFK(0.002)DEVLETV,K(26.96)VTGFK(-26.96)DEVLETV,1
YLR449W,244,1,KKDEKKKNNKKDSKRKHEEDEEESAKPAEKK,RK(1)HEEDEEESAKPAEK,RK(78.79)HEEDEEESAK(-78.79)PAEK(-82.35),2
YML063W,19,1,GKNKRLSRGKKGLKKKVVDPFTRKEWFDIKA,K(1)VVDPFTRK,K(41.66)VVDPFTRK(-41.66),1
YMR165C,239,1,YKPNKNMMHDTDIQLKQLLKDEFGNDSDISS,NMMHDTDIQLK(1)QLLK,NMMHDTDIQLK(51.64)QLLK(-51.64),11
YMR186W;YPL240C,623;627,1,TFEISPKSPIIKELKKRVDEGGAQDKTVKDL,K(1)RVDEGGAQDK,K(61.04)RVDEGGAQDK(-61.04),1
YMR186W,257,1,VDEEEEEKKPKTKKVKEEVQELEELNKTKPL,VK(1)EEVQELEELNK,VK(173.71)EEVQELEELNK(-173.71),2
YMR194W;YPL249C-A,86;86,1,KVAKKRLGSFTRAKAKVEEMNNIIAASRRH_,AK(1)VEEMNNIIAASRRH,AK(50.18)VEEMNNIIAASRRH,2
YMR194W,16,1,MTVKTGIAIGLNKGKKVTSMTPAPKISYKKG,K(1)VTSMTPAPK,K(52)VTSMTPAPK(-52),1
YOR312C;YMR242C,166;166,1,PLPHRVQKSTKTFSYKRPSTFY_________,TFSYK(1)RPSTFY,TFSYK(110.31)RPSTFY,5
YNL014W,991,2,HNWVAGQGAGPRIEKKEEEGDKFDAMGNKIN,K(1)EEEGDK(1)FDAMGNK,K(47.04)EEEGDK(47.04)FDAMGNK(-47.04),1
YNL014W,997,2,QGAGPRIEKKEEEGDKFDAMGNKINSGKKKS,K(1)EEEGDK(1)FDAMGNK,K(47.04)EEEGDK(47.04)FDAMGNK(-47.04),7
YNL069C,176,1,VRSAEYYAKKRAFTKKVSSASAAASESDVAK,K(1)VSSASAAASESDVAK,K(144.33)VSSASAAASESDVAK(-144.33),1
YNL071W,164,1,EAPAEETKTSAPEAKKSDVAAPQGRIFASPL,K(1)SDVAAPQGRIFASPLAK,K(51.5)SDVAAPQGRIFASPLAK(-51.5),1
YNL231C,75,1,LKVYTSEKNKSEDDLKPLEEEEKAWLTRECF,SEDDLK(1)PLEEEEK,SEDDLK(54.9)PLEEEEK(-54.9),6
YNL287W,8,1,________MSAHTYKKFENSTSGDLPDKMTI,K(1)FENSTSGDLPDK,K(110.55)FENSTSGDLPDK(-110.55),1
YNR016C,574,1,TGWLDDLITHKMTAEKPDPTLAVICGAATKA,MTAEK(1)PDPTLAVICGAATK,MTAEK(58.48)PDPTLAVICGAATK(-58.48),5
YOL141W,2,1,______________MKNLTTIKQTNKNVKQE,MK(1)NLTTIK,MK(59.35)NLTTIK(-59.35),2
YOR341W,283,1,GFIRQDMIKKQKQAKKLDGSNEASANDEESF,K(1)LDGSNEASANDEESFDVGRNPTTRPK,K(103.14)LDGSNEASANDEESFDVGRNPTTRPK(-103.14),1
YOR341W,5,1,___________MDISKPVGSEITSVDFGILT,MDISK(1)PVGSEITSVDFGILTAK,MDISK(141.19)PVGSEITSVDFGILTAK(-141.19),5
YPL084W,302,2,PFKTWLVEFIDFDGFKETLEKKQKELIKDND,TWLVEFIDFDGFK(1)ETLEK(1)K,TWLVEFIDFDGFK(54.76)ETLEK(54.76)K(-54.76),13
YPL084W,307,2,LVEFIDFDGFKETLEKKQKELIKDNDFIYHE,TWLVEFIDFDGFK(1)ETLEK(1)K,TWLVEFIDFDGFK(54.76)ETLEK(54.76)K(-54.76),18
YPL249C-A,16,1,MAVKTGIAIGLNKGKKVTQMTPAPKISYKKG,K(1)VTQMTPAPK,K(117.94)VTQMTPAPK(-117.94),1
