Proteins,Positions.within.proteins,Number.of.Formyl,Sequence.window,Formyl.Probabilities,Formyl.Score.diffs,Position.in.peptide
YBR084C-A;YBL027W,135;135,1,YHVLYKESKGNAFKHKRALVEHIIQAKADAQ,HK(1)RALVEHIIQAK,HK(65.93)RALVEHIIQAK(-65.93),2
YBR084C-A;YBL027W,146;146,1,AFKHKRALVEHIIQAKADAQREKALNEEAEA,RALVEHIIQAK(1)ADAQREK,RALVEHIIQAK(43.22)ADAQREK(-43.22),11
YBL075C,185,1,IINEPTAAAIAYGLDKKGRAEHNVLIFDLGG,DAGTIAGMNVLRIINEPTAAAIAYGLDK(1),DAGTIAGMNVLRIINEPTAAAIAYGLDK(43.24),28
YBL075C,607,1,DRQKELEGIANPIMTKFYGAGAGAGPGAGES,ELEGIANPIMTK(1),ELEGIANPIMTK(55.31),12
YBL092W,72,1,YGSNKKTKFLSPSGHKTFLVANVKDLETLTM,FLSPSGHK(1)TFLVANVK,FLSPSGHK(98.38)TFLVANVK(-98.38),8
YPR080W;YBR118W,393;393,1,DRRSGKKLEDHPKFLKSGDAALVKFVPSKPM,FLK(1)SGDAALVK,FLK(76.33)SGDAALVK(-76.33),3
YPR080W;YBR118W,390;390,1,EKNDRRSGKKLEDHPKFLKSGDAALVKFVPS,KLEDHPK(1)FLK,K(-52.15)LEDHPK(39.05)FLK(-39.05),7
YPR080W;YBR118W,170;170,1,MDSVKWDESRFQEIVKETSNFIKKVGYNPKT,WDESRFQEIVK(1)ETSNFIK,WDESRFQEIVK(33.72)ETSNFIK(-33.72),11
YBR120C,86,NA,NRTSGPLGLNKEMLTKIQNKMVDEKFTEESI,EMLTK(0.509)IQNK(0.509)MVDEK(0.982),EMLTK(0)IQNK(0)MVDEK(14.39),5
YBR120C,90,NA,GPLGLNKEMLTKIQNKMVDEKFTEESINEQI,EMLTK(0.509)IQNK(0.509)MVDEK(0.982),EMLTK(0)IQNK(0)MVDEK(14.39),9
YBR120C,95,NA,NKEMLTKIQNKMVDEKFTEESINEQIRALST,EMLTK(0.509)IQNK(0.509)MVDEK(0.982),EMLTK(0)IQNK(0)MVDEK(14.39),14
YBR218C,6,NA,__________MSSSKKLAGLRDNFSLLGEKN,K(1)LAGLRDNFSLLGEK,K(52.61)LAGLRDNFSLLGEK(-52.61),1
YBR218C;YGL062W,509;508,1,VNGSSIKGQIGLPKLKSNPSVPHLHDAQGNV,LK(1)SNPSVPHLHDAQGNVINVTK,LK(54.95)SNPSVPHLHDAQGNVINVTK(-54.95),2
YBR218C;YGL062W,965;964,1,FPEPFRSDVLRNKRRKLTCRPGLELEPFDLE;FPEPLRSDVLRNKRRKLTCRPGLELEPFDLE,RRK(1)LTCRPGLELEPFDLEK,RRK(47.78)LTCRPGLELEPFDLEK(-47.78),3
YMR143W;YDL083C,23;23,1,QTFGKKKSATAVAHVKAGKGLIKVNGSPITL,SATAVAHVK(1)AGK,SATAVAHVK(38.1)AGK(-38.1),9
YDL191W;YDL136W,14;14,1,__MAGVKAYELRTKSKEQLASQLVDLKKELA,SK(1)EQLASQLVDLKK,SK(67.54)EQLASQLVDLK(-67.54)K(-69.97),2
YDL229W;YNL209W,136;136,1,ISAMVLTKMKEIAEAKIGKKVEKAVITVPAY,EIAEAK(0.5)IGK(0.5)K,EIAEAK(0)IGK(0)K(-44.99),6
YDL229W;YNL209W,139;139,1,MVLTKMKEIAEAKIGKKVEKAVITVPAYFND,EIAEAK(0.5)IGK(0.5)K,EIAEAK(0)IGK(0)K(-44.99),9
YDR263C,191,2,VFGCKTLITKLNDQGKALEISKDDFSALPEN,LNDQGK(1)ALEISK(1),LNDQGK(55.78)ALEISK(55.78),6
YDR263C,197,2,LITKLNDQGKALEISKDDFSALPENFPLGEL,LNDQGK(1)ALEISK(1),LNDQGK(55.78)ALEISK(55.78),12
YDR500C,32,1,TLCNRCGRRSFHVQKKTCSSCGYPSAKTRSH,K(1)TCSSCGYPSAK,K(134.88)TCSSCGYPSAK(-134.88),1
YDR500C,52,1,CGYPSAKTRSHNWAAKAKRRHTTGTGRMRYL,TRSHNWAAK(0.998)AK(0.002),TRSHNWAAK(27.18)AK(-27.18),9
YDR502C,222,1,LRTQLQKDIVEKVIPKDMLDENTKYFIQPSG,VIPK(1)DMLDENTK,VIPK(104.79)DMLDENTK(-104.79),4
YFR032C-A,44,1,YPSLKGVDPKFRRNHKHALHGTAKALAAAKK,FRRNHK(1)HALHGTAK,FRRNHK(55.78)HALHGTAK(-55.78),6
YFR032C-A,52,1,PKFRRNHKHALHGTAKALAAAKK________,HALHGTAK(1)ALAAAK,HALHGTAK(109.84)ALAAAK(-109.84),8
YGL031C;YGR148C,91;91,1,VKAQRPITGASLDLIKERRSLKPEVRKANRE,AQRPITGASLDLIK(1),AQRPITGASLDLIK(60.55),14
YGL031C;YGR148C,97;97,1,ITGASLDLIKERRSLKPEVRKANREEKLKAN,ERRSLK(1)PEVRK,ERRSLK(67.24)PEVRK(-67.24),6
YGL031C;YGR148C,149;149,1,QGSKVSKQQAKGAFQKVAATSR_________;QSSKFSKQQAKGAFQKVAATSR_________,GAFQK(1)VAATSR,GAFQK(83.18)VAATSR,5
YGL031C;YGR148C,35;35,1,LFVRGDSKIFRFQNSKSASLFKQRKNPRRIA,IFRFQNSK(1),IFRFQNSK(135),8
YGL031C;YGR148C,41;41,1,SKIFRFQNSKSASLFKQRKNPRRIAWTVLFR,SASLFK(0.998)QRK(0.002),SASLFK(26.86)QRK(-26.86),6
YGL031C;YGR148C,144;144,1,KSAGTQSSKFSKQQAKGAFQKVAATSR____;KSAGVQGSKVSKQQAKGAFQKVAATSR____,QQAK(1)GAFQK,QQAK(75.63)GAFQK(-75.63),4
YGL031C,137,1,ARKAEKAKSAGTQSSKFSKQQAKGAFQKVAA,SAGTQSSK(0.999)FSK(0.001),SAGTQSSK(32.62)FSK(-32.62),8
YGL031C;YGR148C,77;77,1,GITEEVAKKRSRKTVKAQRPITGASLDLIKE,TVK(1)AQRPITGASLDLIK,TVK(88.97)AQRPITGASLDLIK(-88.97),3
YGL062W,19,1,RKFAGLRDNFNLLGEKNKILVANRGEIPIRI,FAGLRDNFNLLGEK(0.963)NK(0.037),FAGLRDNFNLLGEK(14.1)NK(-14.1),14
YGL103W,10,1,______MPSRFTKTRKHRGHVSAGKGRIGKH,TRK(1)HRGHVSAGK,TRK(93.68)HRGHVSAGK(-93.68),3
YGL123W,49,1,GWVPVTKLGRLVKAGKITTIEEIFLHSLPVK,AGK(1)ITTIEEIFLHSLPVK,AGK(77.51)ITTIEEIFLHSLPVK(-77.51),3
YGL123W,64,1,KITTIEEIFLHSLPVKEFQIIDTLLPGLQDE,ITTIEEIFLHSLPVK(1),ITTIEEIFLHSLPVK(59.67),15
YGL123W,84,2,IDTLLPGLQDEVMNIKPVQKQTRAGQRTRFK,EFQIIDTLLPGLQDEVMNIK(1)PVQK(1),EFQIIDTLLPGLQDEVMNIK(44.85)PVQK(44.85),20
YGL123W,88,2,LPGLQDEVMNIKPVQKQTRAGQRTRFKAVVV,EFQIIDTLLPGLQDEVMNIK(1)PVQK(1),EFQIIDTLLPGLQDEVMNIK(44.85)PVQK(44.85),24
YGL245W,233,1,HAKAALLNQYFAQAYKGKLIIRFDDTNPSKE,AALLNQYFAQAYK(0.933)GK(0.067),AALLNQYFAQAYK(11.42)GK(-11.42),13
YGL245W,235,1,KAALLNQYFAQAYKGKLIIRFDDTNPSKEKE,GK(1)LIIRFDDTNPSK,GK(67.14)LIIRFDDTNPSK(-67.14),2
YGL245W,292,1,FQEMYDYCVQMIKDGKAYCDDTPTEKMREER,DGK(1)AYCDDTPTEK,DGK(105.06)AYCDDTPTEK(-105.06),3
YGL245W,688,1,ERKGYYRLDALPKDGKPYVFFTIPDGKSVNK,DGK(1)PYVFFTIPDGK,DGK(86.54)PYVFFTIPDGK(-86.54),3
YGL245W,632,1,DVVPVDLVDFDHLITKDRLEEDESFEDFLTP,DVVPVDLVDFDHLITK(1),DVVPVDLVDFDHLITK(65.1),16
YGL245W,77,1,KFAAIFDNGDKEQVAKWVNLAQKELVIKNFA,EQVAK(1)WVNLAQK,EQVAK(118.33)WVNLAQK(-118.33),5
YGL245W,84,1,NGDKEQVAKWVNLAQKELVIKNFAKLSQSLE,WVNLAQK(1)ELVIK,WVNLAQK(72.15)ELVIK(-72.15),7
YGL245W,187,1,ELKKSANVGKKKETHKANFEIDLPDAKMGEV,ETHK(1)ANFEIDLPDAK,ETHK(77.71)ANFEIDLPDAK(-77.71),4
YGL245W,72,1,NKITSKFAAIFDNGDKEQVAKWVNLAQKELV,FAAIFDNGDK(1)EQVAK,FAAIFDNGDK(37.17)EQVAK(-37.17),10
YGL245W,247,1,YKGKLIIRFDDTNPSKEKEEFQDSILEDLDL,LIIRFDDTNPSK(1),LIIRFDDTNPSK(99.5),12
YGL245W,608,1,VAKLNLEGDFKKTKHKLTWLADTKDVVPVDL,HK(1)LTWLADTK,HK(150.16)LTWLADTK(-150.16),2
YGL245W,533,1,PVKIHLEGSEAPQEPKIEMKPKHKKNPAVGE,IHLEGSEAPQEPK(1),IHLEGSEAPQEPK(88.02),13
YGL245W,503,1,NVINLEWNLIWAFNKKVIDPIAPRHTAIVNP,K(1)VIDPIAPRHTAIVNPVK,K(59.18)VIDPIAPRHTAIVNPVK(-59.18),1
YGL245W,58,1,APAAKLDDATEDVFNKITSKFAAIFDNGDKE,LDDATEDVFNK(1)ITSK,LDDATEDVFNK(41.09)ITSK(-41.09),11
YGL245W,604,1,DGSMVAKLNLEGDFKKTKHKLTWLADTKDVV,LNLEGDFK(0.38)K(0.62),LNLEGDFK(-2.13)K(2.13),9
YGL245W,139,1,CWGALRSNGMCGSIIKNKVDVNVSRWYTLLE,YSAADVACWGALRSNGMCGSIIK(1),YSAADVACWGALRSNGMCGSIIK(88.87),23
YPR132W;YGR118W,56;56,1,SPFGGSSHAKGIVLEKLGIESKQPNSAIRKC,GIVLEK(1)LGIESK,GIVLEK(69.03)LGIESK(-69.03),6
YPR132W;YGR118W,31;31,1,RVHRRNNRWAENNYKKRLLGTAFKSSPFGGS,K(1)RLLGTAFK,K(76.85)RLLGTAFK(-76.85),1
YPR132W;YGR118W,39;39,1,WAENNYKKRLLGTAFKSSPFGGSSHAKGIVL,RLLGTAFK(1)SSPFGGSSHAK,RLLGTAFK(81.26)SSPFGGSSHAK(-81.26),8
YPR132W;YGR118W,50;50,1,GTAFKSSPFGGSSHAKGIVLEKLGIESKQPN,SSPFGGSSHAK(0.999)GIVLEK(0.001),SSPFGGSSHAK(32.9)GIVLEK(-32.9),11
YGR148C,137,1,ARKAEKAKSAGVQGSKVSKQQAKGAFQKVAA,SAGVQGSK(0.998)VSK(0.002),SAGVQGSK(28.23)VSK(-28.23),8
YGR192C;YJL052W;YJR009C,217;217;217,1,GNIIPSSTGAAKAVGKVLPELQGKLTGMAFR,AVGK(1)VLPELQGK,AVGK(75.05)VLPELQGK(-75.05),4
YGR192C;YJL052W;YJR009C,213;213;213,1,RTASGNIIPSSTGAAKAVGKVLPELQGKLTG,DWRGGRTASGNIIPSSTGAAK(0.995)AVGK(0.005),DWRGGRTASGNIIPSSTGAAK(23.05)AVGK(-23.05),21
YGR192C;YJR009C,249;249,1,PTVDVSVVDLTVKLNKETTYDEIKKVVKAAA,LNK(1)ETTYDEIKK,LNK(83.75)ETTYDEIK(-83.75)K(-91.07),3
YGR192C,192,1,HSLTATQKTVDGPSHKDWRGGRTASGNIIPS,TVDGPSHK(1)DWRGGRTASGNIIPSSTGAAK,TVDGPSHK(53.78)DWRGGRTASGNIIPSSTGAAK(-53.78),8
YGR192C,184,1,EEGLMTTVHSLTATQKTVDGPSHKDWRGGRT,VINDAFGIEEGLMTTVHSLTATQK(1)TVDGPSHK,VINDAFGIEEGLMTTVHSLTATQK(34.85)TVDGPSHK(-34.85),24
YHR010W;YDR471W,133;133,1,FEERHQAGKNQWFFSKLRF____________,NQWFFSK(1)LRF,NQWFFSK(107.79)LRF,7
YHR068W,7,2,_________MSDINEKLPELLQDAVLKASVP,SDINEK(1)LPELLQDAVLK(1),SDINEK(53.56)LPELLQDAVLK(53.56),6
YHR068W,18,2,DINEKLPELLQDAVLKASVPIPDDFVKVQGI,SDINEK(1)LPELLQDAVLK(1),SDINEK(53.56)LPELLQDAVLK(53.56),17
YNL162W;YHR141C,24;24,1,KTYCKGKTCRKHTQHKVTQYKAGKASLFAQG,HTQHK(1)VTQYK,HTQHK(81.33)VTQYK(-81.33),5
YKR094C;YIL148W,114;114,1,CYARLPPRATNCRKRKCGHTNQLRPKKKLK_,RK(1)CGHTNQLRPK,RK(104.99)CGHTNQLRPK(-104.99),2
YJL050W,387,1,DSRGKKGQTYKGGSAKGDAKGDIYKIVKMIW,KGQTYKGGSAK(1),K(-51.25)GQTYK(-51.25)GGSAK(51.25),11
YJL052W;YJR009C,192;192,1,HSMTATQKTVDGPSHKDWRGGRTASGNIIPS,TVDGPSHK(1)DWRGGRTASGNIIPSSTGAAK,TVDGPSHK(53.78)DWRGGRTASGNIIPSSTGAAK(-53.78),8
YJL052W;YJR009C,184;184,1,EEGLMTTVHSMTATQKTVDGPSHKDWRGGRT,VINDAFGIEEGLMTTVHSMTATQK(1),VINDAFGIEEGLMTTVHSMTATQK(108.37),24
YJL177W;YKL180W,80;80,1,SSIGRTAQGKEFGVTKARWPAKSVKFVQGLL,EFGVTK(1)ARWPAK,EFGVTK(39.79)ARWPAK(-39.79),6
YJL189W,5,1,___________MAAQKSFRIKQKMAKAKKQN,AAQK(1)SFRIK,AAQK(91.69)SFRIK(-91.69),4
YJR033C,1339,2,KDKLSKDILDDLSSQKPQKPKKSAITKNLLD,DILDDLSSQK(0.999)PQK(0.996)PK(0.005),DILDDLSSQK(29.3)PQK(23.73)PK(-23.73),10
YJR033C,1342,2,LSKDILDDLSSQKPQKPKKSAITKNLLDDFV,DILDDLSSQK(0.997)PQK(0.997)PK(0.007),DILDDLSSQK(24.67)PQK(24.67)PK(-24.67),13
YJR052W,192,1,SENISKWQKEADESSKLVFNKLRDVLGGVST,EADESSK(1)LVFNK,EADESSK(82.34)LVFNK(-82.34),7
YKL040C,237,2,KEVIQIMDPEQEIALKEFDKLEKKLESSKNT,EVIQIMDPEQEIALK(0.638)EFDK(0.638)LEK(0.723),EVIQIMDPEQEIALK(0)EFDK(0)LEK(1.16),15
YKL040C,241,2,QIMDPEQEIALKEFDKLEKKLESSKNTSHEK,EVIQIMDPEQEIALK(0.638)EFDK(0.638)LEK(0.723),EVIQIMDPEQEIALK(0)EFDK(0)LEK(1.16),19
YKL040C,244,2,DPEQEIALKEFDKLEKKLESSKNTSHEK___,EVIQIMDPEQEIALK(0.638)EFDK(0.638)LEK(0.723),EVIQIMDPEQEIALK(0)EFDK(0)LEK(1.16),22
YKL060C,85,1,FAGKGISNEGQNASIKGAIAAAHYIRSIAPA,GISNEGQNASIK(1),GISNEGQNASIK(113.61),12
YKL060C,10,NA,______MGVEQILKRKTGVIVGEDVHNLFTY,RK(1)TGVIVGEDVHNLFTYAK,RK(59.18)TGVIVGEDVHNLFTYAK(-59.18),2
YLR034C,184,1,LELFKVSIPDKAELFKGFLPSNIIFKEQQAL,AELFK(0.562)GFLPSNIIFK(0.438),AELFK(1.08)GFLPSNIIFK(-1.08),5
YLR034C,194,1,KAELFKGFLPSNIIFKEQQALYISLGILGAT,AELFK(0.048)GFLPSNIIFK(0.952),AELFK(-12.94)GFLPSNIIFK(12.94),15
YLR086W,830,1,IDISGTMSGGGNHVAKGLMKLGTNQSDKVDD,LIDISGTMSGGGNHVAK(0.991)GLMK(0.009),LIDISGTMSGGGNHVAK(21.89)GLMK(-21.89),17
YLR167W,143,1,AGVFLANHKDRLYCGKCHSVYKVNA______,DRLYCGK(1)CHSVYK,DRLYCGK(69.42)CHSVYK(-69.42),7
YLR175W,403,1,PLDNAEQSTSSSQETKETEEEPKKAKEDSLI,EYVPLDNAEQSTSSSQETK(1),EYVPLDNAEQSTSSSQETK(75.74),19
YLR185W,32,1,TLCNRCGRRSFHVQKKTCSSCGYPAAKTRSY,K(1)TCSSCGYPAAK,K(79.66)TCSSCGYPAAK(-79.66),1
YLR197W,340,1,LSKQAASTVQILGAEKALFRALKTKGNTPKY,QAASTVQILGAEK(0.984)ALFRALK(0.016),QAASTVQILGAEK(17.8)ALFRALK(-17.8),13
YLR197W,457,1,AEVEETKEKESSKKRKLEDDDEEKKEKKEKK,RK(1)LEDDDEEKK,RK(102.99)LEDDDEEK(-102.99)K(-106.92),2
YOR182C;YLR287C-A,3;3,1,_____________MAKVHGSLARAGKVKSQT,AK(1)VHGSLARAGK,AK(95.7)VHGSLARAGK(-95.7),2
YOR182C;YLR287C-A,13;13,1,___MAKVHGSLARAGKVKSQTPKVEKTEKPK,VHGSLARAGK(0.999)VK(0.001),VHGSLARAGK(30.37)VK(-30.37),10
YLR441C;YML063W,45;45,1,FDIKAPSTFENRNVGKTLVNKSTGLKNASDA;FDIKAPSTFENRNVGKTLVNKSTGLKSASDA,APSTFENRNVGK(1)TLVNK,APSTFENRNVGK(33.1)TLVNK(-33.1),12
YLR441C;YML063W,214;214,1,NATKDIFPLQNIHVRKVKLLKQPKFDVGALM,DIFPLQNIHVRK(0.959)VK(0.041),DIFPLQNIHVRK(13.64)VK(-13.64),12
YLR441C,55,1,NRNVGKTLVNKSTGLKSASDALKGRVVEVCL,STGLK(1)SASDALK,STGLK(47.38)SASDALK(-47.38),5
YLR441C,248,1,GEGSGEEKGKKVTGFKDEVLETV________,VTGFK(1)DEVLETV,VTGFK(75.82)DEVLETV,5
YML092C,50,1,LGIKATNGVVIATEKKSSSPLAMSETLSKVS,K(1)SSSPLAMSETLSK,K(38.76)SSSPLAMSETLSK(-38.76),1
YMR186W;YPL240C,590;594,1,RTGQFGWSANMERIMKAQALRDSSMSSYMSS,LLDAPAAIRTGQFGWSANMERIMK(1),LLDAPAAIRTGQFGWSANMERIMK(50.75),24
YMR186W,257,1,VDEEEEEKKPKTKKVKEEVQELEELNKTKPL,VK(1)EEVQELEELNK,VK(132.42)EEVQELEELNK(-132.42),2
YNL069C,176,1,VRSAEYYAKKRAFTKKVSSASAAASESDVAK,K(1)VSSASAAASESDVAK,K(156.69)VSSASAAASESDVAK(-156.69),1
YNR016C,803,1,FGSPVIEGTKPAYKFKSLVSTLENILKGYDN,FK(1)SLVSTLENILK,FK(85.9)SLVSTLENILK(-85.9),2
YNR016C,2190,1,IEENYKTLDDKLKGLKLESFAQDLAKKIRSD,GLK(1)LESFAQDLAK,GLK(76.97)LESFAQDLAK(-76.97),3
YNR016C,713,1,NDPTQLRTPSPGKLVKFLVENGEHIIKGQPY,LVK(1)FLVENGEHIIK,LVK(83.94)FLVENGEHIIK(-83.94),3
YNR016C,898,1,KLIDMAVKNPEYNPDKLLGAVVEPLADIAHK,NPEYNPDK(1)LLGAVVEPLADIAHK,NPEYNPDK(83.8)LLGAVVEPLADIAHK(-83.8),8
YNR016C,1016,1,AIFSTPLQHIVELESKATAKVALQAREILIQ,VSAIFSTPLQHIVELESK(1),VSAIFSTPLQHIVELESK(64.7),18
