"name","name2","gene","pos","length","length2","frames","p1","p2","seq","seq2","seqAA"
P1A1,YCL043C_7_CDS_S - III:49378-49505,PDI1,CDS,128,201,+1; +0,GTACGCCTCGAGCCGGACTCTAGAGGATCGAACCCTT,AAGGGTTCGATCCCTACCGGTTACCCTTAAGGTACG,ctactttggtgaaatcgacggttccgttttcgcccaatacgtcgaaagcggtttgcctttgggttacttattctacaatgacgaggaagaattggaagaatacaagcctctctttaccgagttggcca,GTACGCCTCGAGCCGGACTCTAGAGGATCGAACCCTTctactttggtgaaatcgacggttccgttttcgcccaatacgtcgaaagcggtttgcctttgggttacttattctacaatgacgaggaagaattggaagaatacaagcctctctttaccgagttggccaAAGGGTTCGATCCCTACCGGTTACCCTTAAGGTACG,VRLEPDSRGSNPSTLVKSTVPFSPNTSKAVCLWVTYSTMTRKNWKNTSLSLPSWPKGSIPTGYP*GT
P1B1,YGR173W_2_CDS_S + VII:843881-843977,RBG2,CDS,97,NA,,NA,NA,aagccatcgaagaagaaatggccagaacccaaaaaaataaggccacagaacatcatctgggtcttttgaaggggaaattggctagatacagacaaca,NA,NA
P1C1,YGR173W_3_CDS_S + VII:843910-844038,RBG2,CDS,129,204,+2,GTACGCCTCGAGCCCCGGACTCTAGAGGATCGAACCCTT,AAGGGTTCGATCCCTACCGGTTACCCTTAAGGTACG,caaaaaaataaggccacagaacatcatctgggtcttttgaaggggaaattggctagatacagacaacaactgctagctgatgaagctggtagtggtggtggaggagggtctggttttgaagtggcaaaa,GTACGCCTCGAGCCCCGGACTCTAGAGGATCGAACCCTTcaaaaaaataaggccacagaacatcatctgggtcttttgaaggggaaattggctagatacagacaacaactgctagctgatgaagctggtagtggtggtggaggagggtctggttttgaagtggcaaaaAAGGGTTCGATCCCTACCGGTTACCCTTAAGGTACG,VRLEPRTLEDRTLQKNKATEHHLGLLKGKLARYRQQLLADEAGSGGGGGSGFEVAKKGSIPTGYP*GT
P1D1,YEL009C_13_CDS_S - V:139650-139758,GCN4,CDS,109,183,+0,GTACGCCTCGAGCCCGGACTCAAGAGGATCGAACCCTT,AAGGGTTCGATCCCTACCGGTTACCCTTAAGGTACG,cgaatatcagccaagtttatttgctttaaatccaatgggtttctcaccattggatggttctaaatcaaccaacgaaaatgtatctgcttccacttctactgccaaacca,GTACGCCTCGAGCCCGGACTCAAGAGGATCGAACCCTTcgaatatcagccaagtttatttgctttaaatccaatgggtttctcaccattggatggttctaaatcaaccaacgaaaatgtatctgcttccacttctactgccaaaccaAAGGGTTCGATCCCTACCGGTTACCCTTAAGGTACG,VRLEPGLKRIEPFEYQPSLFALNPMGFSPLDGSKSTNENVSASTSTAKPKGSIPTGYP*GT
P1E1,YEL009C_14_UTR5_S - V:139683-139786,GCN4,UTR5,104,NA,,NA,NA,aaaataaattaaatacaaataaaatgtccgaatatcagccaagtttatttgctttaaatccaatgggtttctcaccattggatggttctaaatcaaccaacgaa,NA,NA
P1F1,YDL055C_5_CDS_S - IV:356108-356220,PSA1,CDS,113,188,+0,GTACGCCTCGAGCCCGGACTCAAGAGGATCGAACCCTT,AAGGGTTCGATCCCTACCGGTTACCCCTTAAGGTACG,cccagaagtcattgacttgattgaaatgaagccaacttcaattgaaaaggaaactttcccaatcttggtcgaagaaaaacaactatattccttcgatttggaaggtttctgga,GTACGCCTCGAGCCCGGACTCAAGAGGATCGAACCCTTcccagaagtcattgacttgattgaaatgaagccaacttcaattgaaaaggaaactttcccaatcttggtcgaagaaaaacaactatattccttcgatttggaaggtttctggaAAGGGTTCGATCCCTACCGGTTACCCCTTAAGGTACG,VRLEPGLKRIEPFPEVIDLIEMKPTSIEKETFPILVEEKQLYSFDLEGFWKGFDPYRLPLKV
P1G1,YPL037C_3_CDS_S - XVI:481776-481882,EGD1,CDS,107,NA,,NA,NA,aaaaattagctaagctacaaaagttgtctgctaacaacaaagttggtggtactagaagaaagcttaacaagaaggcaggctcttctgccggtgccaacaaggatgac,NA,NA
P1H1,YGL008C_32_UTR5_S - VII:482722-482816,PMA1,UTR5,95,NA,,NA,NA,aattaattaattggaaaataaccattttttctctcttttatacacacattcaaaagaaagaaaaaaaatataccccagctagttaaagaaaatca,NA,NA
P1A2,YGL008C_33_UTR5_S - VII:482751-482857,PMA1,UTR5,107,NA,,NA,NA,atcaacctcgttgataaattttttctttaacaatcgttaataattaattaattggaaaataaccattttttctctcttttatacacacattcaaaagaaagaaaaaa,NA,NA
P1B2,YAR002C-A_0_CDS_S - I:154361-154496,ERP1,CDS,136,210,+0,GTACGCCTCGAGCCCGGACTCAAGAGGATCGAACCCTT,AAGGGTTCGATCCCTACCGGTTACCCTTAAGGTACG,aacttttgatgataaccacctggttgttcatcagaaaggttcagcaagtggtgatttaactttccttgcgtctgattcgggtgaacataaaatctgtattcagcccgaagctggtggctggttgattaaggctaaa,GTACGCCTCGAGCCCGGACTCAAGAGGATCGAACCCTTaacttttgatgataaccacctggttgttcatcagaaaggttcagcaagtggtgatttaactttccttgcgtctgattcgggtgaacataaaatctgtattcagcccgaagctggtggctggttgattaaggctaaaAAGGGTTCGATCCCTACCGGTTACCCTTAAGGTACG,VRLEPGLKRIEPLTFDDNHLVVHQKGSASGDLTFLASDSGEHKICIQPEAGGWLIKAKKGSIPTGYP*GT
P1C2,YAR002C-A_1_CDS_S - I:154407-154549,ERP1,CDS,143,217,+2,GTACGCCTCGAGCCCCGGACTCTAGAGGATCGAACCCTT,AAGGGTTCGATCCCTACCGGTTACCTTAAGGTACG,aattacagagacgctggtgcgcaagattttggtgtcttgattgatattgaggaaacttttgatgataaccacctggttgttcatcagaaaggttcagcaagtggtgatttaactttccttgcgtctgattcgggtgaacataa,GTACGCCTCGAGCCCCGGACTCTAGAGGATCGAACCCTTaattacagagacgctggtgcgcaagattttggtgtcttgattgatattgaggaaacttttgatgataaccacctggttgttcatcagaaaggttcagcaagtggtgatttaactttccttgcgtctgattcgggtgaacataaAAGGGTTCGATCCCTACCGGTTACCTTAAGGTACG,VRLEPRTLEDRTLNYRDAGAQDFGVLIDIEETFDDNHLVVHQKGSASGDLTFLASDSGEHKRVRSLPVTLRY
P1D2,YNL301C_4_UTR3_S - XIV:64160-64270,RPL18B,UTR3,111,NA,,NA,NA,agcggtagttttctggaaattctgcgagtactaaaggaagtacaatacgaccttcaagtgcggaccaactattaactgagcagaatcttttttcttcaaagagaaaaacaa,NA,NA
P1E2,YNL301C_5_UTR3_S - XIV:64195-64317,RPL18B,UTR3,123,NA,,NA,NA,agtggaatttgttctcttttgtgttaaagatttccactagaacagaaagcggtagttttctggaaattctgcgagtactaaaggaagtacaatacgaccttcaagtgcggaccaactattaac,NA,NA
P1F2,YNL301C_6_UTR3_S - XIV:64227-64361,RPL18B,UTR3,135,208,+0,GTACGCCTCGAGCCCGGACTCAAGAGGATCGAACCCTT,AAGGGTTCGATCCCTACCGGTTACCTTAAGGTACG,cttcagtcttagtatcgttgcgtgcgacggatctcttagacaaaagtggaatttgttctcttttgtgttaaagatttccactagaacagaaagcggtagttttctggaaattctgcgagtactaaaggaagtaca,GTACGCCTCGAGCCCGGACTCAAGAGGATCGAACCCTTcttcagtcttagtatcgttgcgtgcgacggatctcttagacaaaagtggaatttgttctcttttgtgttaaagatttccactagaacagaaagcggtagttttctggaaattctgcgagtactaaaggaagtacaAAGGGTTCGATCCCTACCGGTTACCTTAAGGTACG,VRLEPGLKRIEPFFSLSIVACDGSLRQKWNLFSFVLKISTRTESGSFLEILRVLKEVQRVRSLPVTLRY
P1G2,YNL301C_7_UTR3_S - XIV:64271-64409,RPL18B,UTR3,139,NA,,NA,NA,aggattctgtgatattattaacttctagtcccggcgatcttctaatggcttcagtcttagtatcgttgcgtgcgacggatctcttagacaaaagtggaatttgttctcttttgtgttaaagatttccactagaacagaa,NA,NA
P1H2,YIR035C_8_CDS_S - IX:421360-421488,,CDS,129,202,+0,GTACGCCTCGAGCCCGGACTCAAGAGGATCGAACCCTT,AAGGGTTCGATCCCTACCGGTTACCTTAAGGTACG,caacgcttggaagaagctgtatgacatcaacttcttcagcattgtttccttggttggcattgcgttacctgaattgaagaagaccaacggtaacgtggtattcgtcagttcggacgcctgtaacatgta,GTACGCCTCGAGCCCGGACTCAAGAGGATCGAACCCTTcaacgcttggaagaagctgtatgacatcaacttcttcagcattgtttccttggttggcattgcgttacctgaattgaagaagaccaacggtaacgtggtattcgtcagttcggacgcctgtaacatgtaAAGGGTTCGATCCCTACCGGTTACCTTAAGGTACG,VRLEPGLKRIEPFNAWKKLYDINFFSIVSLVGIALPELKKTNGNVVFVSSDACNM*RVRSLPVTLRY
P1A3,YGL055W_12_CDS_S + VII:399653-399763,OLE1,CDS,111,184,+0,GTACGCCTCGAGCCCGGACTCAAGAGGATCGAACCCTT,AAGGGTTCGATCCCTACCGGTTACCTTAAGGTACG,cccaactgattacagaaacgctattaagtggtaccaatacgacccaactaaggttatcatctatttgacttctttagttggtctagcatacgacttgaagaaattctctca,GTACGCCTCGAGCCCGGACTCAAGAGGATCGAACCCTTcccaactgattacagaaacgctattaagtggtaccaatacgacccaactaaggttatcatctatttgacttctttagttggtctagcatacgacttgaagaaattctctcaAAGGGTTCGATCCCTACCGGTTACCTTAAGGTACG,VRLEPGLKRIEPFPTDYRNAIKWYQYDPTKVIIYLTSLVGLAYDLKKFSQRVRSLPVTLRY
P1B3,YNL096C_2_UTR3_S - XIV:443506-443641,RPS7B,UTR3,136,NA,,NA,NA,agagaccaagatccagaactttgactgctgttcacgacaaggttttggaagacatggttttcccaactgaaattgtcggtaaaagagttagatatttggttggtggtaacaagatccaaaaggttttgttagactc,NA,NA
P1C3,YLR075W_1_CDS_S + XII:282955-283051,RPL10,CDS,97,173,+2; +0,GTACGCCTCGAGCCCCGGACTCTAGAGGATCGAACCCTT,AAGGGTTCGATCCCTACCGGTTACCCCTTAAGGTACG,agataccaaaagaacaagccttacccaaagtctagatacaacagagctgttccagactccaagatcagaatctacgatttgggtaagaagaaggcta,GTACGCCTCGAGCCCCGGACTCTAGAGGATCGAACCCTTagataccaaaagaacaagccttacccaaagtctagatacaacagagctgttccagactccaagatcagaatctacgatttgggtaagaagaaggctaAAGGGTTCGATCCCTACCGGTTACCCCTTAAGGTACG,VRLEPRTLEDRTLRYQKNKPYPKSRYNRAVPDSKIRIYDLGKKKAKGFDPYRLPLKV
P1D3,YLR075W_3_CDS_S + XII:283270-283399,RPL10,CDS,130,206,+2,GTACGCCTCGAGCCCCGGACTCTAGAGGATCGAACCCTT,AAGGGTTCGATCCCTACCGGTTACCCCTTAAGGTACG,atgagaggtgcttggggtaagccacacggtttggccgctcgtgtcgacattggtcaaattatcttctctgtcagaaccaaggacagcaacaaggatgttgtcgttgaaggtttgagaagagccagataca,GTACGCCTCGAGCCCCGGACTCTAGAGGATCGAACCCTTatgagaggtgcttggggtaagccacacggtttggccgctcgtgtcgacattggtcaaattatcttctctgtcagaaccaaggacagcaacaaggatgttgtcgttgaaggtttgagaagagccagatacaAAGGGTTCGATCCCTACCGGTTACCCCTTAAGGTACG,VRLEPRTLEDRTLMRGAWGKPHGLAARVDIGQIIFSVRTKDSNKDVVVEGLRRARYKGFDPYRLPLKV
P1E3,YPR128C_5_CDS_S - XVI:792051-792177,ANT1,CDS,127,201,+0,GTACGCCTCGAGCCCGGACTCAAGAGGATCGAACCCTT,AAGGGTTCGATCCCTACCGGTTACCCTTAAGGTACG,aactggcgctgtggcttcggcaatggccaatattgcagtttatccgctggatttatcgaagacgatcattcagtcacaagtatctccttcttcaagtgaggatagtaacgaaggtaaagttttgccc,GTACGCCTCGAGCCCGGACTCAAGAGGATCGAACCCTTaactggcgctgtggcttcggcaatggccaatattgcagtttatccgctggatttatcgaagacgatcattcagtcacaagtatctccttcttcaagtgaggatagtaacgaaggtaaagttttgcccAAGGGTTCGATCCCTACCGGTTACCCTTAAGGTACG,VRLEPGLKRIEPLTGAVASAMANIAVYPLDLSKTIIQSQVSPSSSEDSNEGKVLPKGSIPTGYP*GT
P1F3,YDR072C_1_CDS_S - IV:589930-590056,IPT1,CDS,127,203,+2,GTACGCCTCGAGCCCCGGACTCTAGAGGATCGAACCCTT,AAGGGTTCGATCCCTACCGGTTACCCCTTAAGGTACG,aaaatagtcaacgatgggtttataccaaaattctgggctatcctatatataatactacaatggtgggctaccatgtatctggaccaccattatagatttgaccttttcgttggtgttttatatgcaa,GTACGCCTCGAGCCCCGGACTCTAGAGGATCGAACCCTTaaaatagtcaacgatgggtttataccaaaattctgggctatcctatatataatactacaatggtgggctaccatgtatctggaccaccattatagatttgaccttttcgttggtgttttatatgcaaAAGGGTTCGATCCCTACCGGTTACCCCTTAAGGTACG,VRLEPRTLEDRTLKIVNDGFIPKFWAILYIILQWWATMYLDHHYRFDLFVGVLYAKGFDPYRLPLKV
P1G3,YGR220C_1_CDS_S - VII:936089-936210,MRPL9,CDS,122,195,+1,GTACGCCTCGAGCCGGACTCTAGAGGATCGAACCCTT,AAGGGTTCGATCCCTACCGGTTACCCTTAAGGTACG,acgagcatgttactatccaaaatgttaaagttttgaaagtcgacgatgaaaataatgttatttgggttaaaggctctgtggctgggcccaaaaacagtttcgttaaaattcaagatgcaatc,GTACGCCTCGAGCCGGACTCTAGAGGATCGAACCCTTacgagcatgttactatccaaaatgttaaagttttgaaagtcgacgatgaaaataatgttatttgggttaaaggctctgtggctgggcccaaaaacagtttcgttaaaattcaagatgcaatcAAGGGTTCGATCCCTACCGGTTACCCTTAAGGTACG,VRLEPDSRGSNPYEHVTIQNVKVLKVDDENNVIWVKGSVAGPKNSFVKIQDAIKGSIPTGYP*GT
P1H3,YGL245W_18_CDS_S + VII:40691-40829,GUS1,CDS,139,215,+2,GTACGCCTCGAGCCCCGGACTCTAGAGGATCGAACCCTT,AAGGGTTCGATCCCTACCGGTTACCCCTTAAGGTACG,attgttgtcgacaaagatgatgctgacgtcatcaatgttgatgaagaagtcactttaatggactggggtaatgtcattattactaaaaagaatgacgatggttctatggttgccaaattgaatttggaaggtgatttca,GTACGCCTCGAGCCCCGGACTCTAGAGGATCGAACCCTTattgttgtcgacaaagatgatgctgacgtcatcaatgttgatgaagaagtcactttaatggactggggtaatgtcattattactaaaaagaatgacgatggttctatggttgccaaattgaatttggaaggtgatttcaAAGGGTTCGATCCCTACCGGTTACCCCTTAAGGTACG,VRLEPRTLEDRTLIVVDKDDADVINVDEEVTLMDWGNVIITKKNDDGSMVAKLNLEGDFKGFDPYRLPLKV
P1A4,YBR234C_4_CDS_S - II:686097-686203,ARC40,CDS,107,181,+2; +0,GTACGCCTCGAGCCCCGGACTCTAGAGGATCGAACCCTT,AAGGGTTCGATCCCTACCGGTTACCTTAAGGTACG,agaatcatcgctgtttgttattacgaacacgagaataattggtgggtatccaagcacatcaagaaacccatcaaatctaccatcaattgcctgtcttggcatgcaaa,GTACGCCTCGAGCCCCGGACTCTAGAGGATCGAACCCTTagaatcatcgctgtttgttattacgaacacgagaataattggtgggtatccaagcacatcaagaaacccatcaaatctaccatcaattgcctgtcttggcatgcaaaAAGGGTTCGATCCCTACCGGTTACCTTAAGGTACG,VRLEPRTLEDRTLRIIAVCYYEHENNWWVSKHIKKPIKSTINCLSWHAKRVRSLPVTLRY
P1B4,YDL070W_28_CDS_S + IV:332302-332418,BDF2,CDS,117,190,+0,GTACGCCTCGAGCCCGGACTCAAGAGGATCGAACCCTT,AAGGGTTCGATCCCTACCGGTTACCTTAAGGTACG,ccaggatattttgaatgaaattgaaacggattcagatcttgaagaggataactattcttcttcatattcatctgatgatgaatatgatgatgaagacataaatgaaaacgatataac,GTACGCCTCGAGCCCGGACTCAAGAGGATCGAACCCTTccaggatattttgaatgaaattgaaacggattcagatcttgaagaggataactattcttcttcatattcatctgatgatgaatatgatgatgaagacataaatgaaaacgatataacAAGGGTTCGATCCCTACCGGTTACCTTAAGGTACG,VRLEPGLKRIEPFQDILNEIETDSDLEEDNYSSSYSSDDEYDDEDINENDITRVRSLPVTLRY
P1C4,YBR262C_4_CDS_S - II:735832-735943,MIC12,CDS,112,186,+0,GTACGCCTCGAGCCCGGACTCAAGAGGATCGAACCCTT,AAGGGTTCGATCCCTACCGGTTACCCTTAAGGTACG,caatggctacttctacgatcacgatgctacatggttgaaacaagatcatcaggtacaggacctggtggatagaaaagaagtggtacctggggagaccaggaaccgcaagcta,GTACGCCTCGAGCCCGGACTCAAGAGGATCGAACCCTTcaatggctacttctacgatcacgatgctacatggttgaaacaagatcatcaggtacaggacctggtggatagaaaagaagtggtacctggggagaccaggaaccgcaagctaAAGGGTTCGATCCCTACCGGTTACCCTTAAGGTACG,VRLEPGLKRIEPFNGYFYDHDATWLKQDHQVQDLVDRKEVVPGETRNRKLKGSIPTGYP*GT
P1D4,YKL008C_8_CDS_S - XI:428067-428176,LAC1,CDS,110,184,+2,GTACGCCTCGAGCCCCGGACTCTAGAGGATCGAACCCTT,AAGGGTTCGATCCCTACCGGTTACCTTAAGGTACG,agcccttcaaacaacaatttgaaagtgaggtcaagaccaagacgcaagtcttccataggtaagatcgacctcggggacactgtacctagtttaggtactatgttcgagac,GTACGCCTCGAGCCCCGGACTCTAGAGGATCGAACCCTTagcccttcaaacaacaatttgaaagtgaggtcaagaccaagacgcaagtcttccataggtaagatcgacctcggggacactgtacctagtttaggtactatgttcgagacAAGGGTTCGATCCCTACCGGTTACCTTAAGGTACG,VRLEPRTLEDRTLSPSNNNLKVRSRPRRKSSIGKIDLGDTVPSLGTMFETRVRSLPVTLRY
P1E4,YPL048W_9_CDS_S + XVI:464906-465017,CAM1,CDS,112,184,+1,GTACGCCTCGAGCCGGACTCTAGAGGATCGAACCCTT,AAGGGTTCGATCCCTACCGGTTACCTTAAGGTACG,ccagatactttgaaagcctgttcggtactgaatggagagctcaacatccagccatcgtgagatggttcaacaccgttagagcctcacccttcttgaaggatgaatacaagga,GTACGCCTCGAGCCGGACTCTAGAGGATCGAACCCTTccagatactttgaaagcctgttcggtactgaatggagagctcaacatccagccatcgtgagatggttcaacaccgttagagcctcacccttcttgaaggatgaatacaaggaAAGGGTTCGATCCCTACCGGTTACCTTAAGGTACG,VRLEPDSRGSNPSRYFESLFGTEWRAQHPAIVRWFNTVRASPFLKDEYKERVRSLPVTLRY
P1F4,YDL198C_5_CDS_S - IV:104431-104543,GGC1,CDS,113,187,+2,GTACGCCTCGAGCCCCGGACTCTAGAGGATCGAACCCTT,AAGGGTTCGATCCCTACCGGTTACCTTAAGGTACG,accgataagaaacaatcaggattagctcgtcttttggggtccgcctctgcaggcataatggaaattgccgtcttccatcctgtggacaccatttccaaaagactgatgtccaa,GTACGCCTCGAGCCCCGGACTCTAGAGGATCGAACCCTTaccgataagaaacaatcaggattagctcgtcttttggggtccgcctctgcaggcataatggaaattgccgtcttccatcctgtggacaccatttccaaaagactgatgtccaaAAGGGTTCGATCCCTACCGGTTACCTTAAGGTACG,VRLEPRTLEDRTLTDKKQSGLARLLGSASAGIMEIAVFHPVDTISKRLMSKRVRSLPVTLRY
P1G4,YDR064W_3_UTR5_S + IV:579566-579705,RPS13,UTR5,140,NA,,NA,NA,aaaagtggatttctaatataatttgtctctgtcggatcacaattctattacaagttccggtgtgtacacaggtatagtttatactggagagtagtttctactcgctgtacattagctgggtgattccaatttcttttaca,NA,NA
P1H4,YDR064W_4_UTR5_S + IV:579610-579751,RPS13,UTR5,142,NA,,NA,NA,ctattacaagttccggtgtgtacacaggtatagtttatactggagagtagtttctactcgctgtacattagctgggtgattccaatttcttttacaaatatgttgcattagtttaacaggttatactatctgccgtttctca,NA,NA
P1A5,YIL018W_1_UTR3_S + IX:317814-317949,RPL2B,UTR3,136,NA,,NA,NA,caacatattggtaaggcttctactatctctagaggtgccgtttctggtcaaaaggctggtttgattgctgccagaagaaccggtttactacgtggttctcaaaagacccaagattaatctttttaattttggtttc,NA,NA
P1B5,YIL018W_2_UTR3_S + IX:317862-317995,RPL2B,UTR3,134,NA,,NA,NA,caaaaggctggtttgattgctgccagaagaaccggtttactacgtggttctcaaaagacccaagattaatctttttaattttggtttcttccttctgtcatattattttatcaattttcttaaatattatataa,NA,NA
P1C5,YML092C_3_CDS_S - XIII:86055-86177,PRE8,CDS,123,197,+1,GTACGCCTCGAGCCGGACTCTAGAGGATCGAACCCTT,AAGGGTTCGATCCCTACCGGTTACCCCTTAAGGTACG,ccattcatattgccttactaacgctgaaggagtcggtagagggcgaattcaatggtgacaccattgaactggctattattggcgatgagaaccctgacttgctaggctacactggtattccaa,GTACGCCTCGAGCCGGACTCTAGAGGATCGAACCCTTccattcatattgccttactaacgctgaaggagtcggtagagggcgaattcaatggtgacaccattgaactggctattattggcgatgagaaccctgacttgctaggctacactggtattccaaAAGGGTTCGATCCCTACCGGTTACCCCTTAAGGTACG,VRLEPDSRGSNPSIHIALLTLKESVEGEFNGDTIELAIIGDENPDLLGYTGIPKGFDPYRLPLKV
P1D5,YKL138C_6_UTR5_S - XI:185599-185701,MRPL31,UTR5,103,179,+2,GTACGCCTCGAGCCCCGGACTCTAGAGGATCGAACCCTT,AAGGGTTCGATCCCTACCGGTTACCCCTTAAGGTACG,agttataagactccaatgtttggcccattcaaattaacaagccccgtcgctggtggcctactatggaaaattccatggagaatgtccacacatcaaaaaaccc,GTACGCCTCGAGCCCCGGACTCTAGAGGATCGAACCCTTagttataagactccaatgtttggcccattcaaattaacaagccccgtcgctggtggcctactatggaaaattccatggagaatgtccacacatcaaaaaacccAAGGGTTCGATCCCTACCGGTTACCCCTTAAGGTACG,VRLEPRTLEDRTLSYKTPMFGPFKLTSPVAGGLLWKIPWRMSTHQKTQGFDPYRLPLKV
P1E5,YPR062W_1_CDS_S + XVI:677313-677427,FCY1,CDS,115,187,+1,GTACGCCTCGAGCCGGACTCTAGAGGATCGAACCCTT,AAGGGTTCGATCCCTACCGGTTACCTTAAGGTACG,acatgagatttcaaaagggatccgccacactacatggtgagatctccactttggaaaactgtgggagattagagggcaaagtgtacaaagataccactttgtatacgacgctgtc,GTACGCCTCGAGCCGGACTCTAGAGGATCGAACCCTTacatgagatttcaaaagggatccgccacactacatggtgagatctccactttggaaaactgtgggagattagagggcaaagtgtacaaagataccactttgtatacgacgctgtcAAGGGTTCGATCCCTACCGGTTACCTTAAGGTACG,VRLEPDSRGSNPYMRFQKGSATLHGEISTLENCGRLEGKVYKDTTLYTTLSRVRSLPVTLRY
P1F5,YLR029C_3_CDS_S - XII:202049-202155,RPL15A,CDS,107,180,+1,GTACGCCTCGAGCCGGACTCTAGAGGATCGAACCCTT,AAGGGTTCGATCCCTACCGGTTACCCTTAAGGTACG,ctcgttacaactggatctgtgacccagttcacaagcaccgtgaagctagaggtttgactgccactggtaagaaatccagaggtatcaacaagggtcacaaattcaac,GTACGCCTCGAGCCGGACTCTAGAGGATCGAACCCTTctcgttacaactggatctgtgacccagttcacaagcaccgtgaagctagaggtttgactgccactggtaagaaatccagaggtatcaacaagggtcacaaattcaacAAGGGTTCGATCCCTACCGGTTACCCTTAAGGTACG,VRLEPDSRGSNPSRYNWICDPVHKHREARGLTATGKKSRGINKGHKFNKGSIPTGYP*GT
P1G5,YML010W_48_CDS_S + XIII:250499-250660,SPT5,CDS,162,236,+1; +0,GTACGCCTCGAGCCGGACTCTAGAGGATCGAACCCTT,AAGGGTTCGATCCCTACCGGTTACCCCTTAAGGTACG,ccaaggtaatggaggtgcatccgcttggggcggtgctggcggcggtgcctcagcttggggcggccaaggtactggtgctacttctacttggggtggtgcttcagcctggggtaacaaatcaagttggggcggtgcatccacttgggcgtcgggtggtgaatc,GTACGCCTCGAGCCGGACTCTAGAGGATCGAACCCTTccaaggtaatggaggtgcatccgcttggggcggtgctggcggcggtgcctcagcttggggcggccaaggtactggtgctacttctacttggggtggtgcttcagcctggggtaacaaatcaagttggggcggtgcatccacttgggcgtcgggtggtgaatcAAGGGTTCGATCCCTACCGGTTACCCCTTAAGGTACG,VRLEPDSRGSNPSKVMEVHPLGAVLAAVPQLGAAKVLVLLLLGVVLQPGVTNQVGAVHPLGRRVVNQGFDPYRLPLKV
P1H5,YPL220W_1_UTR3_S + XVI:136086-136483,RPL1A,UTR3,398,NA,,NA,NA,atcaagaagttgtctaagaagtacaacgctttcattgcttctgaagttttgatcaagcaagttccaagactattgggtcctcaattgtccaaggctggtaagttcccaaccccagtttctcacaacgatgacttgtacggtaaggtcactgatgtcagatctaccatcaagttccaattgaagaaggtcttgtgtttggctgttgccgttggtaacgttgaaatggaagaagacgttttggttaaccaaatcttgatgtctgttaacttctttgtttctttgttgaagaagaactggcaaaatgttggttccttggttgttaagtcctccatgggtccagctttcagattgtactaagcataattacgtgttttcatagtttaacgctttcagaacta,NA,NA
P1A6,YGL172W_12_CDS_S + VII:181891-181996,NUP49,CDS,106,182,+2,GTACGCCTCGAGCCCCGGACTCTAGAGGATCGAACCCTT,AAGGGTTCGATCCCTACCGGTTACCCCTTAAGGTACG,actgcggtaaatggcattgatacagatttatttggcgccccaaataaccctaattctacagctatcacagcagatctaggttcatccgaagcagagaacctactgc,GTACGCCTCGAGCCCCGGACTCTAGAGGATCGAACCCTTactgcggtaaatggcattgatacagatttatttggcgccccaaataaccctaattctacagctatcacagcagatctaggttcatccgaagcagagaacctactgcAAGGGTTCGATCCCTACCGGTTACCCCTTAAGGTACG,VRLEPRTLEDRTLTAVNGIDTDLFGAPNNPNSTAITADLGSSEAENLLQGFDPYRLPLKV
P1B6,YDL143W_13_UTR3_S + IV:201484-201605,CCT4,UTR3,122,NA,,NA,NA,catcttacaacccgtacttgttagtacaagtgcaattaccttagcgtctgaatgtgttaaatccatcttacgtattgatgatattgcattcagccgttaacatgggtttcccagtatccata,NA,NA
P1C6,YPL231W_1_CDS_S + XVI:108656-108796,FAS2,CDS,141,NA,,NA,NA,agccggaagttgagcaagaattagctcatattttgctaactgaattgttagcttatcaatttgcctctcctgtgagatggattgaaactcaagatgtttttttgaaggattttaacactgaaagggttgttgaaatcggtc,NA,NA
P1D6,YAL038W_2_CDS_S + I:72286-72410,CDC19,CDS,125,198,+1,GTACGCCTCGAGCCGGACTCTAGAGGATCGAACCCTT,AAGGGTTCGATCCCTACCGGTTACCCTTAAGGTACG,ctttgaacgccggtaagatctgttcccacaagggtgtcaacttaccaggtaccgatgtcgatttgccagctttgtctgaaaaggacaaggaagatttgagattcggtgtcaagaacggtgtccac,GTACGCCTCGAGCCGGACTCTAGAGGATCGAACCCTTctttgaacgccggtaagatctgttcccacaagggtgtcaacttaccaggtaccgatgtcgatttgccagctttgtctgaaaaggacaaggaagatttgagattcggtgtcaagaacggtgtccacAAGGGTTCGATCCCTACCGGTTACCCTTAAGGTACG,VRLEPDSRGSNPSLNAGKICSHKGVNLPGTDVDLPALSEKDKEDLRFGVKNGVHKGSIPTGYP*GT
P1E6,YAL038W_7_CDS_S + I:72611-72720,CDC19,CDS,110,185,+0,GTACGCCTCGAGCCCGGACTCAAGAGGATCGAACCCTT,AAGGGTTCGATCCCTACCGGTTACCCCTTAAGGTACG,agtcttggctgtccaaaagaaattgattgctaagtctaacttggctggtaagccagttatctgtgctacccaaatgttggaatccatgacttacaacccaagaccaacca,GTACGCCTCGAGCCCGGACTCAAGAGGATCGAACCCTTagtcttggctgtccaaaagaaattgattgctaagtctaacttggctggtaagccagttatctgtgctacccaaatgttggaatccatgacttacaacccaagaccaaccaAAGGGTTCGATCCCTACCGGTTACCCCTTAAGGTACG,VRLEPGLKRIEPLVLAVQKKLIAKSNLAGKPVICATQMLESMTYNPRPTKGFDPYRLPLKV
P1F6,YBR092C_3_CDS_S - II:428025-428152,PHO3,CDS,128,201,+1,GTACGCCTCGAGCCGGACTCTAGAGGATCGAACCCTT,AAGGGTTCGATCCCTACCGGTTACCCTTAAGGTACG,acgctactttgaagttgttaaagcaaagtgaaactcaagacttaaaagtctggttgagttttacccacgataccgatatcctaaactatttgaccaccgctggtataattgacgacaaaaacaactta,GTACGCCTCGAGCCGGACTCTAGAGGATCGAACCCTTacgctactttgaagttgttaaagcaaagtgaaactcaagacttaaaagtctggttgagttttacccacgataccgatatcctaaactatttgaccaccgctggtataattgacgacaaaaacaacttaAAGGGTTCGATCCCTACCGGTTACCCTTAAGGTACG,VRLEPDSRGSNPYATLKLLKQSETQDLKVWLSFTHDTDILNYLTTAGIIDDKNNLKGSIPTGYP*GT
P1G6,YKL211C_11_CDS_S - XI:37523-37640,TRP3,CDS,118,192,+0,GTACGCCTCGAGCCCGGACTCAAGAGGATCGAACCCTT,AAGGGTTCGATCCCTACCGGTTACCCTTAAGGTACG,agtacactgtagaaggtgtgcaatttcatccggaatccatcttgaccgaggaaggtcatctgatgatcaggaacattttaaacgtcagtggaggcacttgggaggaaaacaaatcatc,GTACGCCTCGAGCCCGGACTCAAGAGGATCGAACCCTTagtacactgtagaaggtgtgcaatttcatccggaatccatcttgaccgaggaaggtcatctgatgatcaggaacattttaaacgtcagtggaggcacttgggaggaaaacaaatcatcAAGGGTTCGATCCCTACCGGTTACCCTTAAGGTACG,VRLEPGLKRIEPLVHCRRCAISSGIHLDRGRSSDDQEHFKRQWRHLGGKQIIKGSIPTGYP*GT
P1H6,YDR225W_7_CDS_S + IV:915808-915918,HTA1,CDS,111,184,+0,GTACGCCTCGAGCCCGGACTCAAGAGGATCGAACCCTT,AAGGGTTCGATCCCTACCGGTTACCTTAAGGTACG,attgaacaagctattgggtaacgttaccattgcccaaggtggtgttttgccaaacatccatcaaaacttgttgccaaagaagtctgccaaggctaccaaggcttctcaaga,GTACGCCTCGAGCCCGGACTCAAGAGGATCGAACCCTTattgaacaagctattgggtaacgttaccattgcccaaggtggtgttttgccaaacatccatcaaaacttgttgccaaagaagtctgccaaggctaccaaggcttctcaagaAAGGGTTCGATCCCTACCGGTTACCTTAAGGTACG,VRLEPGLKRIEPLLNKLLGNVTIAQGGVLPNIHQNLLPKKSAKATKASQERVRSLPVTLRY
P1A7,YGL135W_0_UTR3_S + VII:254784-255302,RPL1B,UTR3,519,NA,,NA,NA,aagcgtttctctggttctttgaagttgccaaactgtccaagaccaaacatgtccatctgtatcttcggtgatgctttcgatgttgacagagctaagtcttgcggtgttgacgctatgtccgtcgatgacttgaagaagttgaacaagaacaagaagttaatcaagaagttgtctaagaagtacaacgctttcattgcttccgaagttttgatcaagcaagttccaagactattgggtcctcaattgtccaaggctggtaagttcccaaccccagtttctcacaacgatgacttgtacggtaaggtcactgatgtcagatctaccatcaagttccaattgaagaaggtcttgtgtttggctgttgccgttggtaacgttgaaatggaagaagacgttttggttaaccaaatcttgatgtctgttaacttctttgtttctttgttgaagaagaactggcaaaatgttggttccttggttgttaagtcctccatgggtccagctttcagattgtactaatca,NA,NA
P1B7,YCL017C_8_CDS_S - III:94015-94130,NFS1,CDS,116,191,+0,GTACGCCTCGAGCCCGGACTCAAGAGGATCGAACCCTT,AAGGGTTCGATCCCTACCGGTTACCCCTTAAGGTACG,ctctctggaaacgcataccgatattcaggctgctgcaaaggcacaggctagtgcccgtgcgagtgcatccggtaccaccccagatgctgtagtagcttctggtagcactgcaatga,GTACGCCTCGAGCCCGGACTCAAGAGGATCGAACCCTTctctctggaaacgcataccgatattcaggctgctgcaaaggcacaggctagtgcccgtgcgagtgcatccggtaccaccccagatgctgtagtagcttctggtagcactgcaatgaAAGGGTTCGATCCCTACCGGTTACCCCTTAAGGTACG,VRLEPGLKRIEPFSLETHTDIQAAAKAQASARASASGTTPDAVVASGSTAMKGFDPYRLPLKV
P1C7,YMR186W_0_CDS_S + XIII:632394-632511,HSC82,CDS,118,NA,,NA,NA,agttgatgagtttgatcatcaacactgtctattctaacaaggaaattttcttgagagaactgatctctaacgcctccgatgctttagacaaaattagataccaagctttgtctgatcc,NA,NA
P1D7,YKL029C_5_CDS_S - XI:382579-382684,MAE1,CDS,106,180,+0,GTACGCCTCGAGCCCGGACTCAAGAGGATCGAACCCTT,AAGGGTTCGATCCCTACCGGTTACCCTTAAGGTACG,agatgatctccgctgcagtggaccaactagccgaattgtcgccactaagagagggcgactcgagacctgggttgctacccggcctggacaccatcaccaacacttc,GTACGCCTCGAGCCCGGACTCAAGAGGATCGAACCCTTagatgatctccgctgcagtggaccaactagccgaattgtcgccactaagagagggcgactcgagacctgggttgctacccggcctggacaccatcaccaacacttcAAGGGTTCGATCCCTACCGGTTACCCTTAAGGTACG,VRLEPGLKRIEPLDDLRCSGPTSRIVATKRGRLETWVATRPGHHHQHFKGSIPTGYP*GT
P1E7,YJR016C_5_CDS_S - X:464816-464944,ILV3,CDS,129,204,+2; +0,GTACGCCTCGAGCCCCGGACTCTAGAGGATCGAACCCTT,AAGGGTTCGATCCCTACCGGTTACCCTTAAGGTACG,aaaattaccggtaaggaaggtacttacttcaagggtagagcacgtgtgttcgaagaggaaggtgcctttattgaagccttggaaagaggtgaaatcaagaagggtgaaaaaaccgttgttgttatcaga,GTACGCCTCGAGCCCCGGACTCTAGAGGATCGAACCCTTaaaattaccggtaaggaaggtacttacttcaagggtagagcacgtgtgttcgaagaggaaggtgcctttattgaagccttggaaagaggtgaaatcaagaagggtgaaaaaaccgttgttgttatcagaAAGGGTTCGATCCCTACCGGTTACCCTTAAGGTACG,VRLEPRTLEDRTLKITGKEGTYFKGRARVFEEEGAFIEALERGEIKKGEKTVVVIRKGSIPTGYP*GT
P1F7,YAL023C_4_CDS_S - I:106995-107114,PMT2,CDS,120,194,+1,GTACGCCTCGAGCCGGACTCTAGAGGATCGAACCCTT,AAGGGTTCGATCCCTACCGGTTACCCCTTAAGGTACG,ctttccgtatcaagaacttggagatgggctgttacttggctcaaaccggtaacagtttgcccgaatggggtttcagacaacaagaggttgtctgcatgaaaaacccattcaagagggaca,GTACGCCTCGAGCCGGACTCTAGAGGATCGAACCCTTctttccgtatcaagaacttggagatgggctgttacttggctcaaaccggtaacagtttgcccgaatggggtttcagacaacaagaggttgtctgcatgaaaaacccattcaagagggacaAAGGGTTCGATCCCTACCGGTTACCCCTTAAGGTACG,VRLEPDSRGSNPSFRIKNLEMGCYLAQTGNSLPEWGFRQQEVVCMKNPFKRDKGFDPYRLPLKV
P1G7,YAL023C_14_CDS_S - I:107688-107817,PMT2,CDS,130,206,+2,GTACGCCTCGAGCCCCGGACTCTAGAGGATCGAACCCTT,AAGGGTTCGATCCCTACCGGTTACCCCTTAAGGTACG,actatttccgtcaaaatggtgggtctatttatcatcactatggtcggtatctatactgtgattgacttatggacctttttggcagataaatccatgtcatggaaaacctatattaaccactggttggcaa,GTACGCCTCGAGCCCCGGACTCTAGAGGATCGAACCCTTactatttccgtcaaaatggtgggtctatttatcatcactatggtcggtatctatactgtgattgacttatggacctttttggcagataaatccatgtcatggaaaacctatattaaccactggttggcaaAAGGGTTCGATCCCTACCGGTTACCCCTTAAGGTACG,VRLEPRTLEDRTLTISVKMVGLFIITMVGIYTVIDLWTFLADKSMSWKTYINHWLAKGFDPYRLPLKV
P1H7,YLR249W_35_CDS_S + XII:639708-639831,YEF3,CDS,124,196,+1; +2,GTACGCCTCGAGCCGGACTCTAGAGGATCGAACCCTT,AAGGGTTCGATCCCTACCGGTTACCTTAAGGTACG,acaactgggttagtggtcaaggtgctggtccaagaatcgaaaagaaggaagacgaagaagataaattcgatgctatgggtaacaagattgccggtggtaagaagaagaagaagttgtcttctgc,GTACGCCTCGAGCCGGACTCTAGAGGATCGAACCCTTacaactgggttagtggtcaaggtgctggtccaagaatcgaaaagaaggaagacgaagaagataaattcgatgctatgggtaacaagattgccggtggtaagaagaagaagaagttgtcttctgcAAGGGTTCGATCCCTACCGGTTACCTTAAGGTACG,VRLEPDSRGSNPYNWVSGQGAGPRIEKKEDEEDKFDAMGNKIAGGKKKKKLSSARVRSLPVTLRY
P1A8,YKL152C_4_CDS_S - XI:163820-163960,GPM1,CDS,141,215,+1,GTACGCCTCGAGCCGGACTCTAGAGGATCGAACCCTT,AAGGGTTCGATCCCTACCGGTTACCCCTTAAGGTACG,atgtcttgccagaaactgaatctttggctttggtcattgacagattgttgccatactggcaagatgtcattgccaaggacttgttgagtggtaagaccgtcatgatcgccgctcacggtaactccttgagaggtttggtta,GTACGCCTCGAGCCGGACTCTAGAGGATCGAACCCTTatgtcttgccagaaactgaatctttggctttggtcattgacagattgttgccatactggcaagatgtcattgccaaggacttgttgagtggtaagaccgtcatgatcgccgctcacggtaactccttgagaggtttggttaAAGGGTTCGATCCCTACCGGTTACCCCTTAAGGTACG,VRLEPDSRGSNPYVLPETESLALVIDRLLPYWQDVIAKDLLSGKTVMIAAHGNSLRGLVKGFDPYRLPLKV
P1B8,YKL152C_5_CDS_S - XI:163865-163995,GPM1,CDS,131,206,+0,GTACGCCTCGAGCCCGGACTCAAGAGGATCGAACCCTT,AAGGGTTCGATCCCTACCGGTTACCCCTTAAGGTACG,aaagggtgatgaaagatacaagtacgttgacccaaatgtcttgccagaaactgaatctttggctttggtcattgacagattgttgccatactggcaagatgtcattgccaaggacttgttgagtggtaaga,GTACGCCTCGAGCCCGGACTCAAGAGGATCGAACCCTTaaagggtgatgaaagatacaagtacgttgacccaaatgtcttgccagaaactgaatctttggctttggtcattgacagattgttgccatactggcaagatgtcattgccaaggacttgttgagtggtaagaAAGGGTTCGATCCCTACCGGTTACCCCTTAAGGTACG,VRLEPGLKRIEPLKGDERYKYVDPNVLPETESLALVIDRLLPYWQDVIAKDLLSGKKGFDPYRLPLKV
P1C8,YFR009W_28_CDS_S + VI:164510-164651,GCN20,CDS,142,218,+2,GTACGCCTCGAGCCCCGGACTCTAGAGGATCGAACCCTT,AAGGGTTCGATCCCTACCGGTTACCCCTTAAGGTACG,ccttctaaccatttggataccactggtctagacgctttggtagaagccttgaaaaatttcaacggtggtgtcttaatggtttcccatgatatctctgttattgactctgtttgtaaagagatttgggtttcagagcaaggta,GTACGCCTCGAGCCCCGGACTCTAGAGGATCGAACCCTTccttctaaccatttggataccactggtctagacgctttggtagaagccttgaaaaatttcaacggtggtgtcttaatggtttcccatgatatctctgttattgactctgtttgtaaagagatttgggtttcagagcaaggtaAAGGGTTCGATCCCTACCGGTTACCCCTTAAGGTACG,VRLEPRTLEDRTLPSNHLDTTGLDALVEALKNFNGGVLMVSHDISVIDSVCKEIWVSEQGKGFDPYRLPLKV
P1D8,YCR004C_6_CDS_S - III:119934-120069,YCP4,CDS,136,208,+1,GTACGCCTCGAGCCGGACTCTAGAGGATCGAACCCTT,AAGGGTTCGATCCCTACCGGTTACCTTAAGGTACG,atttgccggctcaatggtccgccttttgggataaaaccggtggattatgggccaagggctctttgaacggcaaagctgcggggatattcgttagtacttccagttacggaggtggtcaagaaagtaccgttaaagc,GTACGCCTCGAGCCGGACTCTAGAGGATCGAACCCTTatttgccggctcaatggtccgccttttgggataaaaccggtggattatgggccaagggctctttgaacggcaaagctgcggggatattcgttagtacttccagttacggaggtggtcaagaaagtaccgttaaagcAAGGGTTCGATCCCTACCGGTTACCTTAAGGTACG,VRLEPDSRGSNPYLPAQWSAFWDKTGGLWAKGSLNGKAAGIFVSTSSYGGGQESTVKARVRSLPVTLRY
P1E8,YOR369C_3_CDS_S - XV:1028304-1028450,RPS12,CDS,147,220,+0,GTACGCCTCGAGCCCGGACTCAAGAGGATCGAACCCTT,AAGGGTTCGATCCCTACCGGTTACCTTAAGGTACG,attggttgttttggtcagctctgttactgaagctaacattatcaagttggttgaaggtttggctaacgacccagaaaacaaggttccattgatcaaggttgctgatgctaagcaattaggtgaatgggctggtttgggtaagatcga,GTACGCCTCGAGCCCGGACTCAAGAGGATCGAACCCTTattggttgttttggtcagctctgttactgaagctaacattatcaagttggttgaaggtttggctaacgacccagaaaacaaggttccattgatcaaggttgctgatgctaagcaattaggtgaatgggctggtttgggtaagatcgaAAGGGTTCGATCCCTACCGGTTACCTTAAGGTACG,VRLEPGLKRIEPLLVVLVSSVTEANIIKLVEGLANDPENKVPLIKVADAKQLGEWAGLGKIERVRSLPVTLRY
P1F8,YJR123W_1_CDS_S + X:652145-652249,RPS5,CDS,105,179,+1,GTACGCCTCGAGCCGGACTCTAGAGGATCGAACCCTT,AAGGGTTCGATCCCTACCGGTTACCCCTTAAGGTACG,ctcaatgtccaatcattgaaagattgaccaactccttgatgatgaacggtagaaacaacggtaagaaattaaaggctgttagaatcatcaagcacactttggaca,GTACGCCTCGAGCCGGACTCTAGAGGATCGAACCCTTctcaatgtccaatcattgaaagattgaccaactccttgatgatgaacggtagaaacaacggtaagaaattaaaggctgttagaatcatcaagcacactttggacaAAGGGTTCGATCCCTACCGGTTACCCCTTAAGGTACG,VRLEPDSRGSNPSQCPIIERLTNSLMMNGRNNGKKLKAVRIIKHTLDKGFDPYRLPLKV
P1G8,YKL104C_10_CDS_S - XI:243603-243741,GFA1,CDS,139,211,+1,GTACGCCTCGAGCCGGACTCTAGAGGATCGAACCCTT,AAGGGTTCGATCCCTACCGGTTACCTTAAGGTACG,cagttagtgtggaattagcgtctgactttctggacagaaaatgccctgtcttcagagacgatgtatgcgtgtttgtttcacaaagtggtgaaactgcggataccatgctggctctaaattattgtttagaaagaggagc,GTACGCCTCGAGCCGGACTCTAGAGGATCGAACCCTTcagttagtgtggaattagcgtctgactttctggacagaaaatgccctgtcttcagagacgatgtatgcgtgtttgtttcacaaagtggtgaaactgcggataccatgctggctctaaattattgtttagaaagaggagcAAGGGTTCGATCCCTACCGGTTACCTTAAGGTACG,VRLEPDSRGSNPSVSVELASDFLDRKCPVFRDDVCVFVSQSGETADTMLALNYCLERGARVRSLPVTLRY
P1H8,YPL106C_0_CDS_S - XVI:350318-350428,SSE1,CDS,111,184,+0,GTACGCCTCGAGCCCGGACTCAAGAGGATCGAACCCTT,AAGGGTTCGATCCCTACCGGTTACCTTAAGGTACG,aggtttcgattccatcaaagctaagtacattgccaaatacgaagaattggcttctctaggtaacattattagaggtagatacttggctaaagaagaagaaaagaagcaagc,GTACGCCTCGAGCCCGGACTCAAGAGGATCGAACCCTTaggtttcgattccatcaaagctaagtacattgccaaatacgaagaattggcttctctaggtaacattattagaggtagatacttggctaaagaagaagaaaagaagcaagcAAGGGTTCGATCCCTACCGGTTACCTTAAGGTACG,VRLEPGLKRIEPLGFDSIKAKYIAKYEELASLGNIIRGRYLAKEEEKKQARVRSLPVTLRY
P1A9,YML106W_3_UTR5_S + XIII:56754-56873,URA5,UTR5,120,193,+0,GTACGCCTCGAGCCCGGACTCAAGAGGATCGAACCCTT,AAGGGTTCGATCCCTACCGGTTACCTTAAGGTACG,attaagaaagttattcaaaatgcctattatgttggaagactaccaaaagaactttctagagttggccatcgaatgccaggctctaagatttggttcattcaagttgaaatcaggtagaga,GTACGCCTCGAGCCCGGACTCAAGAGGATCGAACCCTTattaagaaagttattcaaaatgcctattatgttggaagactaccaaaagaactttctagagttggccatcgaatgccaggctctaagatttggttcattcaagttgaaatcaggtagagaAAGGGTTCGATCCCTACCGGTTACCTTAAGGTACG,VRLEPGLKRIEPLLRKLFKMPIMLEDYQKNFLELAIECQALRFGSFKLKSGRERVRSLPVTLRY
P1B9,YOR203W_34_UTR3_S + XV:725011-725134,,UTR3,124,NA,,NA,NA,ctaaaaaactaaagatttcactatgattataagcaattaagattttcatcttttagtgaaaagatgaaggaattattatctacttttactatattttccactatttttgcttaattgctttaac,NA,NA
P1C9,YOR203W_35_UTR3_S + XV:725044-725180,,UTR3,137,NA,,NA,NA,caattaagattttcatcttttagtgaaaagatgaaggaattattatctacttttactatattttccactatttttgcttaattgctttaaccgatctattcattggactgattatttacattatcttttatttccac,NA,NA
P1D9,YOR203W_37_UTR3_S + XV:725135-725290,,UTR3,156,231,+2,GTACGCCTCGAGCCCCGGACTCTAGAGGATCGAACCCTT,AAGGGTTCGATCCCTACCGGTTACCCTTAAGGTACG,cgatctattcattggactgattatttacattatcttttatttccacttccactttttcagttttcttcgaatagagactttattttgaacagttttttcgaccttttttgtttgttattgtttctttttaccttacgaaaatattcttactgttca,GTACGCCTCGAGCCCCGGACTCTAGAGGATCGAACCCTTcgatctattcattggactgattatttacattatcttttatttccacttccactttttcagttttcttcgaatagagactttattttgaacagttttttcgaccttttttgtttgttattgtttctttttaccttacgaaaatattcttactgttcaAAGGGTTCGATCCCTACCGGTTACCCTTAAGGTACG,VRLEPRTLEDRTLRSIHWTDYLHYLLFPLPLFQFSSNRDFILNSFFDLFCLLLFLFTLRKYSYCSKGSIPTGYP*GT
P1E9,YOR203W_39_UTR3_S + XV:725235-725382,,UTR3,148,NA,,NA,NA,accttttttgtttgttattgtttctttttaccttacgaaaatattcttactgttcacagtaccattgtataatagtattcatttccttcctacattttctctcccttttttgagttgaggcctttttattgactcgccttatactcta,NA,NA
P1F9,YOR203W_40_UTR3_S + XV:725280-725417,,UTR3,138,NA,,NA,NA,cttactgttcacagtaccattgtataatagtattcatttccttcctacattttctctcccttttttgagttgaggcctttttattgactcgccttatactctactttatttgtgttttgtagatagaataaacatcaa,NA,NA
P1G9,YOR203W_41_UTR3_S + XV:725280-725417,,UTR3,138,NA,,NA,NA,cttactgttcacagtaccattgtataatagtattcatttccttcctacattttctctcccttttttgagttgaggcctttttattgactcgccttatactctactttatttgtgttttgtagatagaataaacatcaa,NA,NA
P1H9,YKL127W_2_CDS_S + XI:203219-203326,PGM1,CDS,108,182,+1; +2,GTACGCCTCGAGCCGGACTCTAGAGGATCGAACCCTT,AAGGGTTCGATCCCTACCGGTTACCCCTTAAGGTACG,cttataaggaccaaaaaccgggtacttcaggtttacgtaagaagaccaaggttttcatggatgagcctcattatactgagaacttcattcaagcaacaatgcaatcta,GTACGCCTCGAGCCGGACTCTAGAGGATCGAACCCTTcttataaggaccaaaaaccgggtacttcaggtttacgtaagaagaccaaggttttcatggatgagcctcattatactgagaacttcattcaagcaacaatgcaatctaAAGGGTTCGATCCCTACCGGTTACCCCTTAAGGTACG,VRLEPDSRGSNPSYKDQKPGTSGLRKKTKVFMDEPHYTENFIQATMQSKGFDPYRLPLKV
P1A10,YDL205C_5_CDS_S - IV:93146-93257,HEM3,CDS,112,184,+1; +2,GTACGCCTCGAGCCGGACTCTAGAGGATCGAACCCTT,AAGGGTTCGATCCCTACCGGTTACCTTAAGGTACG,caaaaactagacgacccaaaatctccgtaccaatgcatcatcttggcgtctgctgggttgatgcgtatggggttggaaaacagaattacgcagcgattccattcggatacaa,GTACGCCTCGAGCCGGACTCTAGAGGATCGAACCCTTcaaaaactagacgacccaaaatctccgtaccaatgcatcatcttggcgtctgctgggttgatgcgtatggggttggaaaacagaattacgcagcgattccattcggatacaaAAGGGTTCGATCCCTACCGGTTACCTTAAGGTACG,VRLEPDSRGSNPSKTRRPKISVPMHHLGVCWVDAYGVGKQNYAAIPFGYKRVRSLPVTLRY
P1B10,YKL006C-A_3_UTR3_S - XI:429955-430061,SFT1,UTR3,107,180,+1,GTACGCCTCGAGCCGGACTCTAGAGGATCGAACCCTT,AAGGGTTCGATCCCTACCGGTTACCCTTAAGGTACG,ctacattcagaaacataaaccaagagattggagaccgagcggtctctgacagttctgtcataaaccaaatgacagattcattgggatcgatgtttaccgatatcaaa,GTACGCCTCGAGCCGGACTCTAGAGGATCGAACCCTTctacattcagaaacataaaccaagagattggagaccgagcggtctctgacagttctgtcataaaccaaatgacagattcattgggatcgatgtttaccgatatcaaaAAGGGTTCGATCCCTACCGGTTACCCTTAAGGTACG,VRLEPDSRGSNPSTFRNINQEIGDRAVSDSSVINQMTDSLGSMFTDIKKGSIPTGYP*GT
P1C10,YKL006C-A_4_UTR3_S - XI:429995-430100,SFT1,UTR3,106,NA,,NA,NA,agaatgataggaaactagaggggttagccaataaattagctacattcagaaacataaaccaagagattggagaccgagcggtctctgacagttctgtcataaacca,NA,NA
P1D10,YPL064C_7_CDS_S - XVI:429439-429551,CWC27,CDS,113,188,+0,GTACGCCTCGAGCCCGGACTCAAGAGGATCGAACCCTT,AAGGGTTCGATCCCTACCGGTTACCCCTTAAGGTACG,cattgccattgaattatgggctaaagaatgccctgagacatgtaagaggttcttatctatgctctcagatggcacattcaccaatggagaatttaaagagttaaagccaacac,GTACGCCTCGAGCCCGGACTCAAGAGGATCGAACCCTTcattgccattgaattatgggctaaagaatgccctgagacatgtaagaggttcttatctatgctctcagatggcacattcaccaatggagaatttaaagagttaaagccaacacAAGGGTTCGATCCCTACCGGTTACCCCTTAAGGTACG,VRLEPGLKRIEPFIAIELWAKECPETCKRFLSMLSDGTFTNGEFKELKPTQGFDPYRLPLKV
P1E10,YNL287W_26_CDS_S + XIV:94575-94693,SEC21,CDS,119,NA,,NA,NA,agattattttgaacagtagctgcttaccggtggaaagtacccaatttgctccaagtgattcaaactcccacaccttgaaattatttggtaagagtgctttaactggatctaaagtagcc,NA,NA
P1F10,YLR044C_17_CDS_S - XII:233933-234060,PDC1,CDS,128,NA,,NA,NA,aatatttgttcgaaagattaaagcaagtcaacgttaacaccgttttcggtttgccaggtgacttcaacttgtccttgttggacaagatctacgaagttgaaggtatgagatgggctggtaacgccaac,NA,NA
P1G10,YJL034W_2_CDS_S + X:381497-381623,KAR2,CDS,127,199,+1,GTACGCCTCGAGCCGGACTCTAGAGGATCGAACCCTT,AAGGGTTCGATCCCTACCGGTTACCTTAAGGTACG,ctacttattcctgtgttgctgtgatgaaaaatggtaagactgaaattcttgctaatgagcaaggtaacagaatcaccccatcttacgtggcattcaccgatgatgaaagattgattggtgatgctgc,GTACGCCTCGAGCCGGACTCTAGAGGATCGAACCCTTctacttattcctgtgttgctgtgatgaaaaatggtaagactgaaattcttgctaatgagcaaggtaacagaatcaccccatcttacgtggcattcaccgatgatgaaagattgattggtgatgctgcAAGGGTTCGATCCCTACCGGTTACCTTAAGGTACG,VRLEPDSRGSNPSTYSCVAVMKNGKTEILANEQGNRITPSYVAFTDDERLIGDAARVRSLPVTLRY
P1H10,YML123C_8_CDS_S - XIII:25497-25643,PHO84,CDS,147,220,+0,GTACGCCTCGAGCCCGGACTCAAGAGGATCGAACCCTT,AAGGGTTCGATCCCTACCGGTTACCTTAAGGTACG,cgatgacgaaggtttcggttggcaacaagttaagaccatctccattgctggtgttggtttcttgacagattcttatgatatttttgccattaatttgggtatcactatgatgtcctacgtttactggcacggtagtatgccaggtcc,GTACGCCTCGAGCCCGGACTCAAGAGGATCGAACCCTTcgatgacgaaggtttcggttggcaacaagttaagaccatctccattgctggtgttggtttcttgacagattcttatgatatttttgccattaatttgggtatcactatgatgtcctacgtttactggcacggtagtatgccaggtccAAGGGTTCGATCCCTACCGGTTACCTTAAGGTACG,VRLEPGLKRIEPFDDEGFGWQQVKTISIAGVGFLTDSYDIFAINLGITMMSYVYWHGSMPGPRVRSLPVTLRY
P1A11,YMR229C_22_CDS_S - XIII:727175-727310,RRP5,CDS,136,210,+0,GTACGCCTCGAGCCCGGACTCAAGAGGATCGAACCCTT,AAGGGTTCGATCCCTACCGGTTACCCTTAAGGTACG,aattaaaagcgtcactgattttggtgttttcgtcaaactagataacactgttaatgttactggtttggcacatattactgaaattgcggacaaaaaacctgaagatctttctgccttgtttggtgttggggacaga,GTACGCCTCGAGCCCGGACTCAAGAGGATCGAACCCTTaattaaaagcgtcactgattttggtgttttcgtcaaactagataacactgttaatgttactggtttggcacatattactgaaattgcggacaaaaaacctgaagatctttctgccttgtttggtgttggggacagaAAGGGTTCGATCCCTACCGGTTACCCTTAAGGTACG,VRLEPGLKRIEPLIKSVTDFGVFVKLDNTVNVTGLAHITEIADKKPEDLSALFGVGDRKGSIPTGYP*GT
P1B11,YDR264C_18_CDS_S - IV:997073-997224,AKR1,CDS,152,NA,,NA,NA,aattcgttctgccgtcatatggacgaatgggtgtccacaacgttaccttgttaaggtcacctttgttatccggtgttttttttggcactttactttgggtgactatcgtttggtttttcaaagttatgcctcgaacattttctgatgaacaa,NA,NA
P1C11,YJR064W_3_CDS_S + X:556067-556186,CCT5,CDS,120,194,+1,GTACGCCTCGAGCCGGACTCTAGAGGATCGAACCCTT,AAGGGTTCGATCCCTACCGGTTACCCCTTAAGGTACG,ctagatcagtagcttctattatcaaaacttcgttgggtccccgtgggttagataagatcttgatttcacctgacggtgaaatcaccatcactaacgatggtgctacaattttgtcccaaa,GTACGCCTCGAGCCGGACTCTAGAGGATCGAACCCTTctagatcagtagcttctattatcaaaacttcgttgggtccccgtgggttagataagatcttgatttcacctgacggtgaaatcaccatcactaacgatggtgctacaattttgtcccaaaAAGGGTTCGATCCCTACCGGTTACCCCTTAAGGTACG,VRLEPDSRGSNPSRSVASIIKTSLGPRGLDKILISPDGEITITNDGATILSQKGFDPYRLPLKV
P1D11,YJR064W_4_CDS_S + X:556108-556230,CCT5,CDS,123,198,+2,GTACGCCTCGAGCCCCGGACTCTAGAGGATCGAACCCTT,AAGGGTTCGATCCCTACCGGTTACCCTTAAGGTACG,cgtgggttagataagatcttgatttcacctgacggtgaaatcaccatcactaacgatggtgctacaattttgtcccaaatggagctagataatgagattgcaaagttgttagtacaactttcc,GTACGCCTCGAGCCCCGGACTCTAGAGGATCGAACCCTTcgtgggttagataagatcttgatttcacctgacggtgaaatcaccatcactaacgatggtgctacaattttgtcccaaatggagctagataatgagattgcaaagttgttagtacaactttccAAGGGTTCGATCCCTACCGGTTACCCTTAAGGTACG,VRLEPRTLEDRTLRGLDKILISPDGEITITNDGATILSQMELDNEIAKLLVQLSKGSIPTGYP*GT
P1E11,YEL071W_6_CDS_S + V:17034-17167,DLD3,CDS,134,NA,,NA,NA,agggtactatcggtgtcgttactggtgtatccatagttgcagcagcaaagccaaaagccttgaatgccgtattttttggtattgagaatttcgataccgttcagaaattatttgtcaaggctaaaagtgaatta,NA,NA
P1F11,YDR033W_9_UTR3_S + IV:509312-509447,MRH1,UTR3,136,NA,,NA,NA,atttcttgtcgaatttttattttctatcataaagtgcaattctagactcattttttaatttaatggatccatttaatccatttcgtcaagcaagtatgttttcataacaatattttgctcagtgcattttgatcaa,NA,NA
P1G11,YNL112W_2_UTR5_S + XIV:413967-414086,DBP2,UTR5,120,193,+0,GTACGCCTCGAGCCCGGACTCAAGAGGATCGAACCCTT,AAGGGTTCGATCCCTACCGGTTACCTTAAGGTACG,aaagccaatcaccactttcgatgaagctggtttcccagactacgttttgaatgaagtgaaggctgaaggatttgacaaaccaactggcattcaatgtcagggttggccaatggctttatc,GTACGCCTCGAGCCCGGACTCAAGAGGATCGAACCCTTaaagccaatcaccactttcgatgaagctggtttcccagactacgttttgaatgaagtgaaggctgaaggatttgacaaaccaactggcattcaatgtcagggttggccaatggctttatcAAGGGTTCGATCCCTACCGGTTACCTTAAGGTACG,VRLEPGLKRIEPLKPITTFDEAGFPDYVLNEVKAEGFDKPTGIQCQGWPMALSRVRSLPVTLRY
P1H11,YNL112W_11_CDS_S + XIV:416108-416275,DBP2,CDS,168,NA,,NA,NA,aattattgaaatacgacaggagatcttatggtggcggtcacccaagatacggtggtggtcgtggtggtcgtggtggctatggccgtagaggtggttacggtggtggccgtggtggttacggcggtaacaggcagagagatggtggctggggtaacagaggtcgttcaa,NA,NA
P1A12,YCR072C_1_CDS_S - III:240955-241087,RSA4,CDS,133,205,+1,GTACGCCTCGAGCCGGACTCTAGAGGATCGAACCCTT,AAGGGTTCGATCCCTACCGGTTACCTTAAGGTACG,cttttgataactctatcaaactttgggacggtagagatggtaagtttatctccacatttagagggcatgtagccagcgtataccaggttgcgtggtcatcggactgccgactactggtgtcatgttccaaaga,GTACGCCTCGAGCCGGACTCTAGAGGATCGAACCCTTcttttgataactctatcaaactttgggacggtagagatggtaagtttatctccacatttagagggcatgtagccagcgtataccaggttgcgtggtcatcggactgccgactactggtgtcatgttccaaagaAAGGGTTCGATCCCTACCGGTTACCTTAAGGTACG,VRLEPDSRGSNPSFDNSIKLWDGRDGKFISTFRGHVASVYQVAWSSDCRLLVSCSKERVRSLPVTLRY
P1B12,YML052W_4_CDS_S + XIII:170797-170937,SUR7,CDS,141,214,+0,GTACGCCTCGAGCCCGGACTCAAGAGGATCGAACCCTT,AAGGGTTCGATCCCTACCGGTTACCTTAAGGTACG,cctttacgttttgacttggtgctcgaagatgctttcagagatggtgcttatcctcatgtcttttgggtttgtcttcaatacggcagccgttgtcttgcaaacggccgcctctgccatggcaaagaatgctttccatgacga,GTACGCCTCGAGCCCGGACTCAAGAGGATCGAACCCTTcctttacgttttgacttggtgctcgaagatgctttcagagatggtgcttatcctcatgtcttttgggtttgtcttcaatacggcagccgttgtcttgcaaacggccgcctctgccatggcaaagaatgctttccatgacgaAAGGGTTCGATCCCTACCGGTTACCTTAAGGTACG,VRLEPGLKRIEPFLYVLTWCSKMLSEMVLILMSFGFVFNTAAVVLQTAASAMAKNAFHDERVRSLPVTLRY
P1C12,YML052W_5_CDS_S + XIII:170851-170992,SUR7,CDS,142,216,+0,GTACGCCTCGAGCCCGGACTCAAGAGGATCGAACCCTT,AAGGGTTCGATCCCTACCGGTTACCCTTAAGGTACG,catgtcttttgggtttgtcttcaatacggcagccgttgtcttgcaaacggccgcctctgccatggcaaagaatgctttccatgacgatcatcgtagtgcccaattgggtgcctctatgatgggtatggcttgggcaagtgtc,GTACGCCTCGAGCCCGGACTCAAGAGGATCGAACCCTTcatgtcttttgggtttgtcttcaatacggcagccgttgtcttgcaaacggccgcctctgccatggcaaagaatgctttccatgacgatcatcgtagtgcccaattgggtgcctctatgatgggtatggcttgggcaagtgtcAAGGGTTCGATCCCTACCGGTTACCCTTAAGGTACG,VRLEPGLKRIEPFMSFGFVFNTAAVVLQTAASAMAKNAFHDDHRSAQLGASMMGMAWASVKGSIPTGYP*GT
P1D12,YJL080C_8_CDS_S - X:286533-286662,SCP160,CDS,130,206,+2,GTACGCCTCGAGCCCCGGACTCTAGAGGATCGAACCCTT,AAGGGTTCGATCCCTACCGGTTACCCCTTAAGGTACG,attgttgccgaagcctccgattttgtcactgaagtcttgaaaattgatcacaaataccataagtcaattgttggtagcggtggtcatattttaagagaaattatctccaaggctggtggtgaagaaatta,GTACGCCTCGAGCCCCGGACTCTAGAGGATCGAACCCTTattgttgccgaagcctccgattttgtcactgaagtcttgaaaattgatcacaaataccataagtcaattgttggtagcggtggtcatattttaagagaaattatctccaaggctggtggtgaagaaattaAAGGGTTCGATCCCTACCGGTTACCCCTTAAGGTACG,VRLEPRTLEDRTLIVAEASDFVTEVLKIDHKYHKSIVGSGGHILREIISKAGGEEIKGFDPYRLPLKV
P1E12,YLR048W_6_UTR3_S + XII:243352-243484,RPS0B,UTR3,133,NA,,NA,NA,catttgaaaaccttgcaatgtgtgtgaatattgtaaggaattgagaaagagagataaaaaaagagacagaagtatcacttccttttctaatttttctttttcattttttttttaaattcatctatcgtttatc,NA,NA
P1F12,YGL211W_13_CDS_S + VII:93350-93467,NCS6,CDS,118,194,+2,GTACGCCTCGAGCCCCGGACTCTAGAGGATCGAACCCTT,AAGGGTTCGATCCCTACCGGTTACCCCTTAAGGTACG,atcatccaaagtggcgaaaatttggcattaaaggctaaaaaatctaacgctggaaagagagtcgtcaaatttgttgacggcaatagatgcgctagatgtggatatctgtcgtcaaata,GTACGCCTCGAGCCCCGGACTCTAGAGGATCGAACCCTTatcatccaaagtggcgaaaatttggcattaaaggctaaaaaatctaacgctggaaagagagtcgtcaaatttgttgacggcaatagatgcgctagatgtggatatctgtcgtcaaataAAGGGTTCGATCCCTACCGGTTACCCCTTAAGGTACG,VRLEPRTLEDRTLIIQSGENLALKAKKSNAGKRVVKFVDGNRCARCGYLSSNKGFDPYRLPLKV
P1G12,YJR077C_1_CDS_S - X:577361-577487,MIR1,CDS,127,203,+2,GTACGCCTCGAGCCCCGGACTCTAGAGGATCGAACCCTT,AAGGGTTCGATCCCTACCGGTTACCCCTTAAGGTACG,cagccagcagacactctgttgtccaaggtcaacaagactaagaaggctcctggccaatccacagtcggtttgttggctcagttggccaaacagttaggatttttcggttcctttgctgggttgccta,GTACGCCTCGAGCCCCGGACTCTAGAGGATCGAACCCTTcagccagcagacactctgttgtccaaggtcaacaagactaagaaggctcctggccaatccacagtcggtttgttggctcagttggccaaacagttaggatttttcggttcctttgctgggttgcctaAAGGGTTCGATCCCTACCGGTTACCCCTTAAGGTACG,VRLEPRTLEDRTLQPADTLLSKVNKTKKAPGQSTVGLLAQLAKQLGFFGSFAGLPKGFDPYRLPLKV
P1H12,YLR449W_0_CDS_S + XII:1031273-1031376,FPR4,CDS,104,179,+0,GTACGCCTCGAGCCCGGACTCAAGAGGATCGAACCCTT,AAGGGTTCGATCCCTACCGGTTACCCCTTAAGGTACG,attcgtcgttaccggttcatacactatctctctaaccggtaactacgtcaaacatccattcgacaattcttcagattcagacgaagatgaagaagactattaca,GTACGCCTCGAGCCCGGACTCAAGAGGATCGAACCCTTattcgtcgttaccggttcatacactatctctctaaccggtaactacgtcaaacatccattcgacaattcttcagattcagacgaagatgaagaagactattacaAAGGGTTCGATCCCTACCGGTTACCCCTTAAGGTACG,VRLEPGLKRIEPLFVVTGSYTISLTGNYVKHPFDNSSDSDEDEEDYYKGFDPYRLPLKV
P2A1,YDR236C_1_CDS_S - IV:935283-935400,FMN1,CDS,118,194,+2,GTACGCCTCGAGCCCCGGACTCTAGAGGATCGAACCCTT,AAGGGTTCGATCCCTACCGGTTACCCCTTAAGGTACG,aatgatttttatggggccagggtcaagttcaatattttaggtcatatcagacccgaattgaactacactactaaggaagctctgatcgaagacatcaatatcgatattaggactgcgc,GTACGCCTCGAGCCCCGGACTCTAGAGGATCGAACCCTTaatgatttttatggggccagggtcaagttcaatattttaggtcatatcagacccgaattgaactacactactaaggaagctctgatcgaagacatcaatatcgatattaggactgcgcAAGGGTTCGATCCCTACCGGTTACCCCTTAAGGTACG,VRLEPRTLEDRTLNDFYGARVKFNILGHIRPELNYTTKEALIEDINIDIRTAQGFDPYRLPLKV
P2B1,YLR264W_11_UTR3_S + XII:673640-673771,RPS28B,UTR3,132,NA,,NA,NA,cagagaacaaatgcgtagaaatactcaatgatgtcaatttttcaaaaaatgaattaaatgattgaagtcacttaatttttgtggttttttggaggtgggttgagtgtacaactcactataattgatgagata,NA,NA
P2C1,YOL088C_6_CDS_S - XV:154457-154565,MPD2,CDS,109,185,+2; +0,GTACGCCTCGAGCCCCGGACTCTAGAGGATCGAACCCTT,AAGGGTTCGATCCCTACCGGTTACCCCTTAAGGTACG,actctggccccagtatacgaagagcttggtgagctatacgccaaaaaagctaataaagatgataccccaattaacttccttgaagttaactgtgaattcttcgggccaa,GTACGCCTCGAGCCCCGGACTCTAGAGGATCGAACCCTTactctggccccagtatacgaagagcttggtgagctatacgccaaaaaagctaataaagatgataccccaattaacttccttgaagttaactgtgaattcttcgggccaaAAGGGTTCGATCCCTACCGGTTACCCCTTAAGGTACG,VRLEPRTLEDRTLTLAPVYEELGELYAKKANKDDTPINFLEVNCEFFGPKGFDPYRLPLKV
P2D1,YBR069C_20_CDS_S - II:377990-378134,TAT1,CDS,145,219,+0,GTACGCCTCGAGCCCGGACTCAAGAGGATCGAACCCTT,AAGGGTTCGATCCCTACCGGTTACCCTTAAGGTACG,agtcatgatcagtctcggtaccggtataggtactggtttactggtcggtaatggtcaggtgctgggaacagctggtcctgccgggttagtccttggttacggaatagcatcgatcatgctttactgtatcatccaagcggcaggc,GTACGCCTCGAGCCCGGACTCAAGAGGATCGAACCCTTagtcatgatcagtctcggtaccggtataggtactggtttactggtcggtaatggtcaggtgctgggaacagctggtcctgccgggttagtccttggttacggaatagcatcgatcatgctttactgtatcatccaagcggcaggcAAGGGTTCGATCCCTACCGGTTACCCTTAAGGTACG,VRLEPGLKRIEPLVMISLGTGIGTGLLVGNGQVLGTAGPAGLVLGYGIASIMLYCIIQAAGKGSIPTGYP*GT
P2E1,YGL215W_4_CDS_S + VII:88375-88500,CLG1,CDS,126,199,+0,GTACGCCTCGAGCCCGGACTCAAGAGGATCGAACCCTT,AAGGGTTCGATCCCTACCGGTTACCTTAAGGTACG,ctacgatatttctataatgtcaaaatttatcatggaaaatgcctttgttgccttcaacgcgaactatagtactgatgaccagaccactgatctttttttcaagggcatatcttctgtgttgaatgc,GTACGCCTCGAGCCCGGACTCAAGAGGATCGAACCCTTctacgatatttctataatgtcaaaatttatcatggaaaatgcctttgttgccttcaacgcgaactatagtactgatgaccagaccactgatctttttttcaagggcatatcttctgtgttgaatgcAAGGGTTCGATCCCTACCGGTTACCTTAAGGTACG,VRLEPGLKRIEPFYDISIMSKFIMENAFVAFNANYSTDDQTTDLFFKGISSVLNARVRSLPVTLRY
P2F1,YMR142C_2_UTR3_S - XIII:550425-550530,RPL13B,UTR3,106,178,+1,GTACGCCTCGAGCCGGACTCTAGAGGATCGAACCCTT,AAGGGTTCGATCCCTACCGGTTACCTTAAGGTACG,ccattggtattgctgttgaccacagacgtcaaaacagaaaccaagaaatctttgacgctaacgttcaaagattgaaggagtaccaatccaagattatcgttttccc,GTACGCCTCGAGCCGGACTCTAGAGGATCGAACCCTTccattggtattgctgttgaccacagacgtcaaaacagaaaccaagaaatctttgacgctaacgttcaaagattgaaggagtaccaatccaagattatcgttttcccAAGGGTTCGATCCCTACCGGTTACCTTAAGGTACG,VRLEPDSRGSNPSIGIAVDHRRQNRNQEIFDANVQRLKEYQSKIIVFPRVRSLPVTLRY
P2G1,YEL051W_3_CDS_S + V:58718-58838,VMA8,CDS,121,193,+1,GTACGCCTCGAGCCGGACTCTAGAGGATCGAACCCTT,AAGGGTTCGATCCCTACCGGTTACCTTAAGGTACG,accctgaaattaatgatttcagattaactggtttaggtagaggtggtcaacaggttcaacgagccaaggaaatctattcaagagccgttgaaactttagttgaattagcctctttacagac,GTACGCCTCGAGCCGGACTCTAGAGGATCGAACCCTTaccctgaaattaatgatttcagattaactggtttaggtagaggtggtcaacaggttcaacgagccaaggaaatctattcaagagccgttgaaactttagttgaattagcctctttacagacAAGGGTTCGATCCCTACCGGTTACCTTAAGGTACG,VRLEPDSRGSNPYPEINDFRLTGLGRGGQQVQRAKEIYSRAVETLVELASLQTRVRSLPVTLRY
P2H1,YGR094W_30_CDS_S + VII:674501-674620,VAS1,CDS,120,194,+1,GTACGCCTCGAGCCGGACTCTAGAGGATCGAACCCTT,AAGGGTTCGATCCCTACCGGTTACCCCTTAAGGTACG,ccactggtggtcgtgatattaacttagatatcttacgtgtcgaaggttacagaaagttctgtaacaaaatctaccaagctaccaagtttgcattgatgagactcggtgacgattatcaac,GTACGCCTCGAGCCGGACTCTAGAGGATCGAACCCTTccactggtggtcgtgatattaacttagatatcttacgtgtcgaaggttacagaaagttctgtaacaaaatctaccaagctaccaagtttgcattgatgagactcggtgacgattatcaacAAGGGTTCGATCCCTACCGGTTACCCCTTAAGGTACG,VRLEPDSRGSNPSTGGRDINLDILRVEGYRKFCNKIYQATKFALMRLGDDYQQGFDPYRLPLKV
P2A2,YJL183W_17_UTR3_S + X:85246-85367,MNN11,UTR3,122,NA,,NA,NA,acttggctgcctccttcaagggatgtagatcaagaggtacgtgtgctagtgaaataggtcacatgtaccagaaaatcaagaaatcttagatgtgtgtaatcttgcaatttagtttcaaacaa,NA,NA
P2B2,YOL058W_5_UTR3_S + XV:220480-220595,ARG1,UTR3,116,NA,,NA,NA,agttcatcgcctcaagatagataacgatctcttcctccacctcctatttctgcacactcttgtgatgtaaatacatatgtagacatatgtaagcttttgtataaatagtttaagaa,NA,NA
P2C2,YOL058W_6_UTR3_S + XV:220480-220595,ARG1,UTR3,116,NA,,NA,NA,agttcatcgcctcaagatagataacgatctcttcctccacctcctatttctgcacactcttgtgatgtaaatacatatgtagacatatgtaagcttttgtataaatagtttaagaa,NA,NA
P2D2,YJL050W_26_CDS_S + X:344540-344657,MTR4,CDS,118,NA,,NA,NA,aaccaggcagattagttgaaatctctgtcaatggtaaggataactatggctggggtgctgttgtcgattttgctaaaagaattaacaaacgcaacccaagtgctgtctatacagacca,NA,NA
P2E2,YOL123W_21_CDS_S + XV:89290-89415,HRP1,CDS,126,201,+2; +0,GTACGCCTCGAGCCCCGGACTCTAGAGGATCGAACCCTT,AAGGGTTCGATCCCTACCGGTTACCCTTAAGGTACG,agcggttatggctacaaccgtgatcgcggtgatcgtgatcgtaacgatcgtgaccgcgattacaatcaccgtagtggtggaaaccatagaagaaacggccgtggtggtcgcggtggatacaataga,GTACGCCTCGAGCCCCGGACTCTAGAGGATCGAACCCTTagcggttatggctacaaccgtgatcgcggtgatcgtgatcgtaacgatcgtgaccgcgattacaatcaccgtagtggtggaaaccatagaagaaacggccgtggtggtcgcggtggatacaatagaAAGGGTTCGATCCCTACCGGTTACCCTTAAGGTACG,VRLEPRTLEDRTLSGYGYNRDRGDRDRNDRDRDYNHRSGGNHRRNGRGGRGGYNRKGSIPTGYP*GT
P2F2,YOR202W_2_UTR3_S + XV:722565-722683,HIS3,UTR3,119,194,+0,GTACGCCTCGAGCCCGGACTCAAGAGGATCGAACCCTT,AAGGGTTCGATCCCTACCGGTTACCCCTTAAGGTACG,aatggtaccaacgatgttccctccaccaaaggtgttcttatgtagtgacaccgattatttaaagctgcagcatacgatatatatacatgtgtatatatgtatacctatgaatgtcagta,GTACGCCTCGAGCCCGGACTCAAGAGGATCGAACCCTTaatggtaccaacgatgttccctccaccaaaggtgttcttatgtagtgacaccgattatttaaagctgcagcatacgatatatatacatgtgtatatatgtatacctatgaatgtcagtaAAGGGTTCGATCCCTACCGGTTACCCCTTAAGGTACG,VRLEPGLKRIEPLMVPTMFPPPKVFLCSDTDYLKLQHTIYIHVYICIPMNVSKGFDPYRLPLKV
P2G2,YOR164C_1_UTR3_S - XV:643241-643371,GET4,UTR3,131,206,+0,GTACGCCTCGAGCCCGGACTCAAGAGGATCGAACCCTT,AAGGGTTCGATCCCTACCGGTTACCCCTTAAGGTACG,agataaatatgtttgcggtggcttgacgaccatgacgtatatacatatatatgtatgtgctagctatttgtcgtctttaatgatagcagacctattaagggcctccaacaattcaggcctcttggcgtcta,GTACGCCTCGAGCCCGGACTCAAGAGGATCGAACCCTTagataaatatgtttgcggtggcttgacgaccatgacgtatatacatatatatgtatgtgctagctatttgtcgtctttaatgatagcagacctattaagggcctccaacaattcaggcctcttggcgtctaAAGGGTTCGATCCCTACCGGTTACCCCTTAAGGTACG,VRLEPGLKRIEPLDKYVCGGLTTMTYIHIYVCASYLSSLMIADLLRASNNSGLLASKGFDPYRLPLKV
P2H2,YCR012W_6_CDS_S + III:138166-138285,PGK1,CDS,120,193,+0,GTACGCCTCGAGCCCGGACTCAAGAGGATCGAACCCTT,AAGGGTTCGATCCCTACCGGTTACCTTAAGGTACG,caaggaagatgttcaaaagttcagacacgaattgagctctttggctgatgtttacatcaacgatgccttcggtaccgctcacagagctcactcttctatggtcggtttcgacttgccaca,GTACGCCTCGAGCCCGGACTCAAGAGGATCGAACCCTTcaaggaagatgttcaaaagttcagacacgaattgagctctttggctgatgtttacatcaacgatgccttcggtaccgctcacagagctcactcttctatggtcggtttcgacttgccacaAAGGGTTCGATCCCTACCGGTTACCTTAAGGTACG,VRLEPGLKRIEPFKEDVQKFRHELSSLADVYINDAFGTAHRAHSSMVGFDLPQRVRSLPVTLRY
P2A3,YGL234W_1_CDS_S + VII:56502-56614,ADE5_7,CDS,113,188,+0,GTACGCCTCGAGCCCGGACTCAAGAGGATCGAACCCTT,AAGGGTTCGATCCCTACCGGTTACCCCTTAAGGTACG,aggaaacggtgcaagagaacacgttcttgtcaccaagctggctcagtcacccaccgtgggtaagatctatgtcgctccaggtaatggagggaccgcaaccatggatccttcgc,GTACGCCTCGAGCCCGGACTCAAGAGGATCGAACCCTTaggaaacggtgcaagagaacacgttcttgtcaccaagctggctcagtcacccaccgtgggtaagatctatgtcgctccaggtaatggagggaccgcaaccatggatccttcgcAAGGGTTCGATCCCTACCGGTTACCCCTTAAGGTACG,VRLEPGLKRIEPLGNGAREHVLVTKLAQSPTVGKIYVAPGNGGTATMDPSQGFDPYRLPLKV
P2B3,YFL039C_8_UTR3_S - VI:53755-53881,ACT1,UTR3,127,201,+0,GTACGCCTCGAGCCCGGACTCAAGAGGATCGAACCCTT,AAGGGTTCGATCCCTACCGGTTACCCTTAAGGTACG,ctctctacctcacgccattttgagaatcgatttggccggtagagatttgactgactacttgatgaagatcttgagtgaacgtggttactctttctccaccactgctgaaagagaaattgtccgtgac,GTACGCCTCGAGCCCGGACTCAAGAGGATCGAACCCTTctctctacctcacgccattttgagaatcgatttggccggtagagatttgactgactacttgatgaagatcttgagtgaacgtggttactctttctccaccactgctgaaagagaaattgtccgtgacAAGGGTTCGATCCCTACCGGTTACCCTTAAGGTACG,VRLEPGLKRIEPFSLPHAILRIDLAGRDLTDYLMKILSERGYSFSTTAEREIVRDKGSIPTGYP*GT
P2C3,YFL039C_13_UTR3_S - VI:54027-54123,ACT1,UTR3,97,173,+2,GTACGCCTCGAGCCCCGGACTCTAGAGGATCGAACCCTT,AAGGGTTCGATCCCTACCGGTTACCCCTTAAGGTACG,accttctacaacgaattgagagttgccccagaagaacaccctgttcttttgactgaagctccaatgaaccctaaatcaaacagagaaaagatgactc,GTACGCCTCGAGCCCCGGACTCTAGAGGATCGAACCCTTaccttctacaacgaattgagagttgccccagaagaacaccctgttcttttgactgaagctccaatgaaccctaaatcaaacagagaaaagatgactcAAGGGTTCGATCCCTACCGGTTACCCCTTAAGGTACG,VRLEPRTLEDRTLTFYNELRVAPEEHPVLLTEAPMNPKSNREKMTQGFDPYRLPLKV
P2D3,YLR336C_4_CDS_S - XII:800250-800377,SGD1,CDS,128,202,+2; +0,GTACGCCTCGAGCCCCGGACTCTAGAGGATCGAACCCTT,AAGGGTTCGATCCCTACCGGTTACCTTAAGGTACG,aagcaagttcttgaaattccaagaattgttttacattgtcttttggctgatagtggatccaatggttataatcattactacgcattggtcgcgaacaaaatatgtgaaaggtatagccatttatcgaa,GTACGCCTCGAGCCCCGGACTCTAGAGGATCGAACCCTTaagcaagttcttgaaattccaagaattgttttacattgtcttttggctgatagtggatccaatggttataatcattactacgcattggtcgcgaacaaaatatgtgaaaggtatagccatttatcgaaAAGGGTTCGATCCCTACCGGTTACCTTAAGGTACG,VRLEPRTLEDRTLKQVLEIPRIVLHCLLADSGSNGYNHYYALVANKICERYSHLSKRVRSLPVTLRY
P2E3,YOR382W_2_CDS_S + XV:1059569-1059679,FIT2,CDS,111,185,+1,GTACGCCTCGAGCCGGACTCTAGAGGATCGAACCCTT,AAGGGTTCGATCCCTACCGGTTACCCCTTAAGGTACG,ctgccgtctcggcagcagctgtgtcgagtgtaatgaccactaagactattactgctactaacggtaataacgtttacactaaggtcgttaccgacaccgctgaccctatca,GTACGCCTCGAGCCGGACTCTAGAGGATCGAACCCTTctgccgtctcggcagcagctgtgtcgagtgtaatgaccactaagactattactgctactaacggtaataacgtttacactaaggtcgttaccgacaccgctgaccctatcaAAGGGTTCGATCCCTACCGGTTACCCCTTAAGGTACG,VRLEPDSRGSNPSAVSAAAVSSVMTTKTITATNGNNVYTKVVTDTADPIKGFDPYRLPLKV
P2F3,YPR102C_1_CDS_S - XVI:731340-731738,RPL11A,CDS,399,472,+0,GTACGCCTCGAGCCCGGACTCAAGAGGATCGAACCCTT,AAGGGTTCGATCCCTACCGGTTACCTTAAGGTACG,caaagctcaaaaccctatgcgtgatttgaagatcgaaaagttggtcttaaacatttctgttggtgaatctggtgacagattgaccagagcctccaaggttttagagcaattatctggtcaaactccagttcaatccaaggccagatacactgtcagaactttcggtatcagaagaaacgaaaaaattgctgttcacgttaccgtcagaggtccaaaggctgaagaaattttggaaagaggtttgaaggtcaaggaataccaattgagagacagaaacttctctgctaccggtaacttcggtttcggtattgacgaacacattgacttgggtatcaagtatgacccatccatcggtattttcggtatggatttctatgtcgtcatgaacagaccaggtgc,GTACGCCTCGAGCCCGGACTCAAGAGGATCGAACCCTTcaaagctcaaaaccctatgcgtgatttgaagatcgaaaagttggtcttaaacatttctgttggtgaatctggtgacagattgaccagagcctccaaggttttagagcaattatctggtcaaactccagttcaatccaaggccagatacactgtcagaactttcggtatcagaagaaacgaaaaaattgctgttcacgttaccgtcagaggtccaaaggctgaagaaattttggaaagaggtttgaaggtcaaggaataccaattgagagacagaaacttctctgctaccggtaacttcggtttcggtattgacgaacacattgacttgggtatcaagtatgacccatccatcggtattttcggtatggatttctatgtcgtcatgaacagaccaggtgcAAGGGTTCGATCCCTACCGGTTACCTTAAGGTACG,VRLEPGLKRIEPFKAQNPMRDLKIEKLVLNISVGESGDRLTRASKVLEQLSGQTPVQSKARYTVRTFGIRRNEKIAVHVTVRGPKAEEILERGLKVKEYQLRDRNFSATGNFGFGIDEHIDLGIKYDPSIGIFGMDFYVVMNRPGARVRSLPVTLRY
P2G3,YOR335C_10_CDS_S - XV:947846-947972,ALA1,CDS,127,203,+2,GTACGCCTCGAGCCCCGGACTCTAGAGGATCGAACCCTT,AAGGGTTCGATCCCTACCGGTTACCCCTTAAGGTACG,atcttggatgaagaagaagcttctttcgctaagaccttggatcgtggtgaaagactatttgaaaaatatgcttctgctgcttctaagactgaatctaagactttagacggtaaacaagtttggagac,GTACGCCTCGAGCCCCGGACTCTAGAGGATCGAACCCTTatcttggatgaagaagaagcttctttcgctaagaccttggatcgtggtgaaagactatttgaaaaatatgcttctgctgcttctaagactgaatctaagactttagacggtaaacaagtttggagacAAGGGTTCGATCCCTACCGGTTACCCCTTAAGGTACG,VRLEPRTLEDRTLILDEEEASFAKTLDRGERLFEKYASAASKTESKTLDGKQVWRQGFDPYRLPLKV
P2H3,YGR285C_3_CDS_S - VII:1062156-1062260,ZUO1,CDS,105,180,+2; +0,GTACGCCTCGAGCCCCGGACTCTAGAGGATCGAACCCTT,AAGGGTTCGATCCCTACCGGTTACCCTTAAGGTACG,aaatgggaaagagaagccggtgccagagctgaagctgaagctaaggccaaggccgaagctgaagcgaaggctaaagctgaatctgaagccaaggctaacgcctcc,GTACGCCTCGAGCCCCGGACTCTAGAGGATCGAACCCTTaaatgggaaagagaagccggtgccagagctgaagctgaagctaaggccaaggccgaagctgaagcgaaggctaaagctgaatctgaagccaaggctaacgcctccAAGGGTTCGATCCCTACCGGTTACCCTTAAGGTACG,VRLEPRTLEDRTLKWEREAGARAEAEAKAKAEAEAKAKAESEAKANASKGSIPTGYP*GT
P2A4,YGR285C_4_CDS_S - VII:1062188-1062291,ZUO1,CDS,104,179,+0,GTACGCCTCGAGCCCGGACTCAAGAGGATCGAACCCTT,AAGGGTTCGATCCCTACCGGTTACCCCTTAAGGTACG,agaagaagagaagaaggaaaaggaaagaagaaaatgggaaagagaagccggtgccagagctgaagctgaagctaaggccaaggccgaagctgaagcgaaggcta,GTACGCCTCGAGCCCGGACTCAAGAGGATCGAACCCTTagaagaagagaagaaggaaaaggaaagaagaaaatgggaaagagaagccggtgccagagctgaagctgaagctaaggccaaggccgaagctgaagcgaaggctaAAGGGTTCGATCCCTACCGGTTACCCCTTAAGGTACG,VRLEPGLKRIEPLEEEKKEKERRKWEREAGARAEAEAKAKAEAEAKAKGFDPYRLPLKV
P2B4,YGR229C_11_CDS_S - VII:950579-950694,SMI1,CDS,116,189,+1,GTACGCCTCGAGCCGGACTCTAGAGGATCGAACCCTT,AAGGGTTCGATCCCTACCGGTTACCCTTAAGGTACG,atgaagacataaatattgatgaatttacgtccacggagtcaaacgatggtgtctctgaaaccctcttagcttggagacacatcgatttttggaccagtgaacataatccagattta,GTACGCCTCGAGCCGGACTCTAGAGGATCGAACCCTTatgaagacataaatattgatgaatttacgtccacggagtcaaacgatggtgtctctgaaaccctcttagcttggagacacatcgatttttggaccagtgaacataatccagatttaAAGGGTTCGATCCCTACCGGTTACCCTTAAGGTACG,VRLEPDSRGSNPYEDINIDEFTSTESNDGVSETLLAWRHIDFWTSEHNPDLKGSIPTGYP*GT
P2C4,YBL091C_2_CDS_S - II:47646-47781,MAP2,CDS,136,208,+1; +2,GTACGCCTCGAGCCGGACTCTAGAGGATCGAACCCTT,AAGGGTTCGATCCCTACCGGTTACCTTAAGGTACG,acggcggtaaatccgttcccatcgtcaaaaatggggacactacaaaaatggaggaaggtgagcactttgccattgaaacttttggttctactggtagaggttatgttactgccggtggggaagtttctcattatgc,GTACGCCTCGAGCCGGACTCTAGAGGATCGAACCCTTacggcggtaaatccgttcccatcgtcaaaaatggggacactacaaaaatggaggaaggtgagcactttgccattgaaacttttggttctactggtagaggttatgttactgccggtggggaagtttctcattatgcAAGGGTTCGATCCCTACCGGTTACCTTAAGGTACG,VRLEPDSRGSNPYGGKSVPIVKNGDTTKMEEGEHFAIETFGSTGRGYVTAGGEVSHYARVRSLPVTLRY
P2D4,YKL040C_8_CDS_S - XI:361186-361301,NFU1,CDS,116,191,+0,GTACGCCTCGAGCCCGGACTCAAGAGGATCGAACCCTT,AAGGGTTCGATCCCTACCGGTTACCCCTTAAGGTACG,cactgatgaaaacctcatcaaccattccaagttagcacagcaaatttttttgcagtgtccaggagtggagtctttaatgataggtgatgattttctcactattaataaagacagaa,GTACGCCTCGAGCCCGGACTCAAGAGGATCGAACCCTTcactgatgaaaacctcatcaaccattccaagttagcacagcaaatttttttgcagtgtccaggagtggagtctttaatgataggtgatgattttctcactattaataaagacagaaAAGGGTTCGATCCCTACCGGTTACCCCTTAAGGTACG,VRLEPGLKRIEPFTDENLINHSKLAQQIFLQCPGVESLMIGDDFLTINKDRKGFDPYRLPLKV
P2E4,YER091C_3_CDS_S - V:339880-340002,MET6,CDS,123,197,+1,GTACGCCTCGAGCCGGACTCTAGAGGATCGAACCCTT,AAGGGTTCGATCCCTACCGGTTACCCCTTAAGGTACG,ccatcttgaagagctacccagctgaaaagttctgggttaacccagattgtggtttgaagactagaggctgggaagaaactagattgtctttgactcatatggtcgaagccgccaagtacttcc,GTACGCCTCGAGCCGGACTCTAGAGGATCGAACCCTTccatcttgaagagctacccagctgaaaagttctgggttaacccagattgtggtttgaagactagaggctgggaagaaactagattgtctttgactcatatggtcgaagccgccaagtacttccAAGGGTTCGATCCCTACCGGTTACCCCTTAAGGTACG,VRLEPDSRGSNPSILKSYPAEKFWVNPDCGLKTRGWEETRLSLTHMVEAAKYFQGFDPYRLPLKV
P2F4,YPR132W_1_UTR3_S + XVI:795605-795765,RPS23B,UTR3,161,NA,,NA,NA,aactttgtcgatgaaaatgacgaagtcttgctagccggtttcggtagaaagggtaaggctaagggtgatattccaggtgttagattcaaggtcgttaaggtctctggtgtctccttgttggctttgtggaaggaaaagaaggaaaagccaagatcttaagc,NA,NA
P2G4,YJL190C_5_CDS_S - X:75091-75215,RPS22A,CDS,125,200,+0,GTACGCCTCGAGCCCGGACTCAAGAGGATCGAACCCTT,AAGGGTTCGATCCCTACCGGTTACCCCTTAAGGTACG,atcctccaaggtcattatcaagtttttgcaagttatgcaaaagcacggttacattggtgaatttgaatacatcgatgaccacagatctggtaagattgttgttcaattgaacggtagattgaaca,GTACGCCTCGAGCCCGGACTCAAGAGGATCGAACCCTTatcctccaaggtcattatcaagtttttgcaagttatgcaaaagcacggttacattggtgaatttgaatacatcgatgaccacagatctggtaagattgttgttcaattgaacggtagattgaacaAAGGGTTCGATCCCTACCGGTTACCCCTTAAGGTACG,VRLEPGLKRIEPLSSKVIIKFLQVMQKHGYIGEFEYIDDHRSGKIVVQLNGRLNKGFDPYRLPLKV
P2H4,YJL190C_6_CDS_S - X:75136-75249,RPS22A,CDS,114,NA,,NA,NA,aaaagaccggtaagcgtcaagttttaatcagaccatcctccaaggtcattatcaagtttttgcaagttatgcaaaagcacggttacattggtgaatttgaatacatcgatgacc,NA,NA
P2A5,YMR205C_6_CDS_S - XIII:672774-672910,PFK2,CDS,137,210,+1,GTACGCCTCGAGCCGGACTCTAGAGGATCGAACCCTT,AAGGGTTCGATCCCTACCGGTTACCCTTAAGGTACG,catacgctatctacaatggttggtctggtttggcaagacatgaaagtgttcgttctttgaactggaaggatatgttgggttggcaatcccgtggtggttctgaaatcggtactaacagagtcactccagaagaagca,GTACGCCTCGAGCCGGACTCTAGAGGATCGAACCCTTcatacgctatctacaatggttggtctggtttggcaagacatgaaagtgttcgttctttgaactggaaggatatgttgggttggcaatcccgtggtggttctgaaatcggtactaacagagtcactccagaagaagcaAAGGGTTCGATCCCTACCGGTTACCCTTAAGGTACG,VRLEPDSRGSNPSYAIYNGWSGLARHESVRSLNWKDMLGWQSRGGSEIGTNRVTPEEAKGSIPTGYP*GT
P2B5,YKL060C_3_CDS_S - XI:326201-326314,FBA1,CDS,114,NA,,NA,NA,aagaattccacactggtattgacaacggtgttgtcaaggtcaacttggacactgactgtcaatacgcttacttgactggtatcagagactacgtcttgaacaagaaggactaca,NA,NA
P2C5,YKL060C_4_CDS_S - XI:326234-326362,FBA1,CDS,129,NA,,NA,NA,aaaagccattgttcttggtcttccacggtggttccggttctactgtccaagaattccacactggtattgacaacggtgttgtcaaggtcaacttggacactgactgtcaatacgcttacttgactggta,NA,NA
P2D5,YJL121C_5_CDS_S - X:190794-190914,RPE1,CDS,121,193,+1,GTACGCCTCGAGCCGGACTCTAGAGGATCGAACCCTT,AAGGGTTCGATCCCTACCGGTTACCTTAAGGTACG,ctgtgccacgccctggcgatgctagcaacacagaaaagaagcccactgcgttcttcgattgtcacatgatggttgaaaatcctgaaaaatgggtcgacgattttgctaaatgtggtgctga,GTACGCCTCGAGCCGGACTCTAGAGGATCGAACCCTTctgtgccacgccctggcgatgctagcaacacagaaaagaagcccactgcgttcttcgattgtcacatgatggttgaaaatcctgaaaaatgggtcgacgattttgctaaatgtggtgctgaAAGGGTTCGATCCCTACCGGTTACCTTAAGGTACG,VRLEPDSRGSNPSVPRPGDASNTEKKPTAFFDCHMMVENPEKWVDDFAKCGAERVRSLPVTLRY
P2E5,YJR045C_3_CDS_S - X:520056-520173,SSC1,CDS,118,194,+2,GTACGCCTCGAGCCCCGGACTCTAGAGGATCGAACCCTT,AAGGGTTCGATCCCTACCGGTTACCCCTTAAGGTACG,aaattgattggtaacttcactttagccggtatcccacctgctccaaagggtgtcccacaaatcgaagtcacttttgacatcgatgccgatggtattattaacgtttctgctagagaca,GTACGCCTCGAGCCCCGGACTCTAGAGGATCGAACCCTTaaattgattggtaacttcactttagccggtatcccacctgctccaaagggtgtcccacaaatcgaagtcacttttgacatcgatgccgatggtattattaacgtttctgctagagacaAAGGGTTCGATCCCTACCGGTTACCCCTTAAGGTACG,VRLEPRTLEDRTLKLIGNFTLAGIPPAPKGVPQIEVTFDIDADGIINVSARDKGFDPYRLPLKV
P2F5,YJR045C_19_CDS_S - X:521289-521408,SSC1,CDS,120,194,+1,GTACGCCTCGAGCCGGACTCTAGAGGATCGAACCCTT,AAGGGTTCGATCCCTACCGGTTACCCCTTAAGGTACG,ctactccttctgtagtagctttcactaaagagggagaacgtttggttggtattccagccaagcgtcaagccgtagtgaacccagaaaacaccctatttgctaccaagcgtttgattggtc,GTACGCCTCGAGCCGGACTCTAGAGGATCGAACCCTTctactccttctgtagtagctttcactaaagagggagaacgtttggttggtattccagccaagcgtcaagccgtagtgaacccagaaaacaccctatttgctaccaagcgtttgattggtcAAGGGTTCGATCCCTACCGGTTACCCCTTAAGGTACG,VRLEPDSRGSNPSTPSVVAFTKEGERLVGIPAKRQAVVNPENTLFATKRLIGQGFDPYRLPLKV
P2G5,YJR045C_20_CDS_S - X:521327-521440,SSC1,CDS,114,187,+0,GTACGCCTCGAGCCCGGACTCAAGAGGATCGAACCCTT,AAGGGTTCGATCCCTACCGGTTACCTTAAGGTACG,aaaaattattgaaaacgccgaaggttccagaactactccttctgtagtagctttcactaaagagggagaacgtttggttggtattccagccaagcgtcaagccgtagtgaaccc,GTACGCCTCGAGCCCGGACTCAAGAGGATCGAACCCTTaaaaattattgaaaacgccgaaggttccagaactactccttctgtagtagctttcactaaagagggagaacgtttggttggtattccagccaagcgtcaagccgtagtgaacccAAGGGTTCGATCCCTACCGGTTACCTTAAGGTACG,VRLEPGLKRIEPLKIIENAEGSRTTPSVVAFTKEGERLVGIPAKRQAVVNPRVRSLPVTLRY
P2H5,YGR024C_8_CDS_S - VII:532472-532600,THG1,CDS,129,204,+2,GTACGCCTCGAGCCCCGGACTCTAGAGGATCGAACCCTT,AAGGGTTCGATCCCTACCGGTTACCCTTAAGGTACG,atggcaaactctaaatttggatacgtaaggcaatttgaaacacacgatgttattttgcctcagtgttatattgtggtaagaatagacggcaagaagtttcatgaattttccaagttctacgagtttgcc,GTACGCCTCGAGCCCCGGACTCTAGAGGATCGAACCCTTatggcaaactctaaatttggatacgtaaggcaatttgaaacacacgatgttattttgcctcagtgttatattgtggtaagaatagacggcaagaagtttcatgaattttccaagttctacgagtttgccAAGGGTTCGATCCCTACCGGTTACCCTTAAGGTACG,VRLEPRTLEDRTLMANSKFGYVRQFETHDVILPQCYIVVRIDGKKFHEFSKFYEFAKGSIPTGYP*GT
P2A6,YJR120W_5_UTR3_S + X:647615-647720,,UTR3,106,178,+1; +0,GTACGCCTCGAGCCGGACTCTAGAGGATCGAACCCTT,AAGGGTTCGATCCCTACCGGTTACCTTAAGGTACG,atatactgctacatcccgtgctgcttttaaagcagccaaacaatccgctccgcttctatccacttcgtggaaaagatgtatggcctcagctgctcaatctactcca,GTACGCCTCGAGCCGGACTCTAGAGGATCGAACCCTTatatactgctacatcccgtgctgcttttaaagcagccaaacaatccgctccgcttctatccacttcgtggaaaagatgtatggcctcagctgctcaatctactccaAAGGGTTCGATCCCTACCGGTTACCTTAAGGTACG,VRLEPDSRGSNPYILLHPVLLLKQPNNPLRFYPLRGKDVWPQLLNLLQRVRSLPVTLRY
P2B6,YJR120W_10_UTR3_S + X:647810-647943,,UTR3,134,209,+0,GTACGCCTCGAGCCCGGACTCAAGAGGATCGAACCCTT,AAGGGTTCGATCCCTACCGGTTACCCCTTAAGGTACG,aattaaaacacctcaaggtaagttggttttggaagttgctcaacatttgggtgaaaacactgtcagaaccattgctatggatggtaccgaaggtttggtccgtggtgaaaaggttcttgacactggtggcccta,GTACGCCTCGAGCCCGGACTCAAGAGGATCGAACCCTTaattaaaacacctcaaggtaagttggttttggaagttgctcaacatttgggtgaaaacactgtcagaaccattgctatggatggtaccgaaggtttggtccgtggtgaaaaggttcttgacactggtggccctaAAGGGTTCGATCCCTACCGGTTACCCCTTAAGGTACG,VRLEPGLKRIEPLIKTPQGKLVLEVAQHLGENTVRTIAMDGTEGLVRGEKVLDTGGPKGFDPYRLPLKV
P2C6,YJR120W_11_UTR3_S + X:647852-647984,,UTR3,133,207,+0,GTACGCCTCGAGCCCGGACTCAAGAGGATCGAACCCTT,AAGGGTTCGATCCCTACCGGTTACCCTTAAGGTACG,acatttgggtgaaaacactgtcagaaccattgctatggatggtaccgaaggtttggtccgtggtgaaaaggttcttgacactggtggccctatctccgtcccagttgggagagaaactttagggagaatcatc,GTACGCCTCGAGCCCGGACTCAAGAGGATCGAACCCTTacatttgggtgaaaacactgtcagaaccattgctatggatggtaccgaaggtttggtccgtggtgaaaaggttcttgacactggtggccctatctccgtcccagttgggagagaaactttagggagaatcatcAAGGGTTCGATCCCTACCGGTTACCCTTAAGGTACG,VRLEPGLKRIEPLHLGENTVRTIAMDGTEGLVRGEKVLDTGGPISVPVGRETLGRIIKGSIPTGYP*GT
P2D6,YOR052C_0_UTR3_S - XV:426554-426682,TMC1,UTR3,129,204,+2,GTACGCCTCGAGCCCCGGACTCTAGAGGATCGAACCCTT,AAGGGTTCGATCCCTACCGGTTACCCTTAAGGTACG,aacgcttttgatgcatttctctacaaaataacatgtataaattacttgaatggtctcttcgttttttttttttttttcttcatctatcctgactcatcaagagagaccgttcattgtaaccacttactc,GTACGCCTCGAGCCCCGGACTCTAGAGGATCGAACCCTTaacgcttttgatgcatttctctacaaaataacatgtataaattacttgaatggtctcttcgttttttttttttttttcttcatctatcctgactcatcaagagagaccgttcattgtaaccacttactcAAGGGTTCGATCCCTACCGGTTACCCTTAAGGTACG,VRLEPRTLEDRTLNAFDAFLYKITCINYLNGLFVFFFFFFIYPDSSRETVHCNHLLKGSIPTGYP*GT
P2E6,YER177W_3_CDS_S + V:545976-546089,BMH1,CDS,114,188,+1,GTACGCCTCGAGCCGGACTCTAGAGGATCGAACCCTT,AAGGGTTCGATCCCTACCGGTTACCCCTTAAGGTACG,ataagatgaagggtgactaccaccgttatttggctgaattttctagtggcgatgctagagaaaaggccacaaacgcctctttagaagcatacaagaccgcttctgaaattgcca,GTACGCCTCGAGCCGGACTCTAGAGGATCGAACCCTTataagatgaagggtgactaccaccgttatttggctgaattttctagtggcgatgctagagaaaaggccacaaacgcctctttagaagcatacaagaccgcttctgaaattgccaAAGGGTTCGATCCCTACCGGTTACCCCTTAAGGTACG,VRLEPDSRGSNPYKMKGDYHRYLAEFSSGDAREKATNASLEAYKTASEIAKGFDPYRLPLKV
P2F6,YJR085C_2_UTR5_S - X:585348-585461,,UTR5,114,NA,,NA,NA,agtttgagagaaaggaacatcagatcacactatggaacatccagcatatacattgagtcttttgactacagccggtggccttatgggatactaccgtaagggctccattccatc,NA,NA
P2G6,YBL099W_2_CDS_S + II:37202-37355,ATP1,CDS,154,228,+0,GTACGCCTCGAGCCCGGACTCAAGAGGATCGAACCCTT,AAGGGTTCGATCCCTACCGGTTACCCTTAAGGTACG,aagaattaagggtgtgtccgacgaggccaatttgaacgaaactggtagagttcttgcagtcggtgatggtattgctcgtgtttttggtttgaacaacattcaggctgaagaattggtcgagttctcctctggtgttaaaggtatggctttgaac,GTACGCCTCGAGCCCGGACTCAAGAGGATCGAACCCTTaagaattaagggtgtgtccgacgaggccaatttgaacgaaactggtagagttcttgcagtcggtgatggtattgctcgtgtttttggtttgaacaacattcaggctgaagaattggtcgagttctcctctggtgttaaaggtatggctttgaacAAGGGTTCGATCCCTACCGGTTACCCTTAAGGTACG,VRLEPGLKRIEPLRIKGVSDEANLNETGRVLAVGDGIARVFGLNNIQAEELVEFSSGVKGMALNKGSIPTGYP*GT
P2H6,YBL099W_3_CDS_S + II:37242-37409,ATP1,CDS,168,243,+2,GTACGCCTCGAGCCCCGGACTCTAGAGGATCGAACCCTT,AAGGGTTCGATCCCTACCGGTTACCCTTAAGGTACG,actggtagagttcttgcagtcggtgatggtattgctcgtgtttttggtttgaacaacattcaggctgaagaattggtcgagttctcctctggtgttaaaggtatggctttgaacttggagcctggtcaagtcggtatcgttcttttcggttccgatagactggttaaa,GTACGCCTCGAGCCCCGGACTCTAGAGGATCGAACCCTTactggtagagttcttgcagtcggtgatggtattgctcgtgtttttggtttgaacaacattcaggctgaagaattggtcgagttctcctctggtgttaaaggtatggctttgaacttggagcctggtcaagtcggtatcgttcttttcggttccgatagactggttaaaAAGGGTTCGATCCCTACCGGTTACCCTTAAGGTACG,VRLEPRTLEDRTLTGRVLAVGDGIARVFGLNNIQAEELVEFSSGVKGMALNLEPGQVGIVLFGSDRLVKKGSIPTGYP*GT
P2A7,YMR236W_1_CDS_S + XIII:743127-743249,TAF9,CDS,123,197,+1,GTACGCCTCGAGCCGGACTCTAGAGGATCGAACCCTT,AAGGGTTCGATCCCTACCGGTTACCCCTTAAGGTACG,cgctacaattgatggattttgcacataggtacacacaaggagtccttaaggacgcgttggtttacaacgactacgctggcagtggaaattctgccggcagtggattaggagtagaagacatac,GTACGCCTCGAGCCGGACTCTAGAGGATCGAACCCTTcgctacaattgatggattttgcacataggtacacacaaggagtccttaaggacgcgttggtttacaacgactacgctggcagtggaaattctgccggcagtggattaggagtagaagacatacAAGGGTTCGATCCCTACCGGTTACCCCTTAAGGTACG,VRLEPDSRGSNPSLQLMDFAHRYTQGVLKDALVYNDYAGSGNSAGSGLGVEDIQGFDPYRLPLKV
P2B7,YDR044W_1_CDS_S + IV:547409-547533,HEM13,CDS,125,199,+2,GTACGCCTCGAGCCCCGGACTCTAGAGGATCGAACCCTT,AAGGGTTCGATCCCTACCGGTTACCTTAAGGTACG,caatggcaggccattagacgtggtagatacgttgaattcaacttaatctacgatagaggtacccaattcggtttgagaaccccaggctctagagttgagtcaattttgatgagtttgcctgaaca,GTACGCCTCGAGCCCCGGACTCTAGAGGATCGAACCCTTcaatggcaggccattagacgtggtagatacgttgaattcaacttaatctacgatagaggtacccaattcggtttgagaaccccaggctctagagttgagtcaattttgatgagtttgcctgaacaAAGGGTTCGATCCCTACCGGTTACCTTAAGGTACG,VRLEPRTLEDRTLQWQAIRRGRYVEFNLIYDRGTQFGLRTPGSRVESILMSLPEQRVRSLPVTLRY
P2C7,YER049W_3_CDS_S + V:251996-252128,TPA1,CDS,133,205,+1; +0,GTACGCCTCGAGCCGGACTCTAGAGGATCGAACCCTT,AAGGGTTCGATCCCTACCGGTTACCTTAAGGTACG,caaccaaagtggtgacttggccaatttgtctggtctggactgggatgacttgtcccgtttgcctaatttgttcaagctgcgccagattctgtattccaagcaatatcgagatttttttggctacgtcaccaaa,GTACGCCTCGAGCCGGACTCTAGAGGATCGAACCCTTcaaccaaagtggtgacttggccaatttgtctggtctggactgggatgacttgtcccgtttgcctaatttgttcaagctgcgccagattctgtattccaagcaatatcgagatttttttggctacgtcaccaaaAAGGGTTCGATCCCTACCGGTTACCTTAAGGTACG,VRLEPDSRGSNPSTKVVTWPICLVWTGMTCPVCLICSSCARFCIPSNIEIFLATSPKRVRSLPVTLRY
P2D7,YAL035W_17_CDS_S + I:77696-77796,FUN12,CDS,101,174,+1; +0,GTACGCCTCGAGCCGGACTCTAGAGGATCGAACCCTT,AAGGGTTCGATCCCTACCGGTTACCCTTAAGGTACG,caaaatcagacaaaccaacgttcaaggtggtgaagctggtggcatcacccaacagattggtgccacttatttccccatcgacgctattaaggcaaaaacta,GTACGCCTCGAGCCGGACTCTAGAGGATCGAACCCTTcaaaatcagacaaaccaacgttcaaggtggtgaagctggtggcatcacccaacagattggtgccacttatttccccatcgacgctattaaggcaaaaactaAAGGGTTCGATCCCTACCGGTTACCCTTAAGGTACG,VRLEPDSRGSNPSKSDKPTFKVVKLVASPNRLVPLISPSTLLRQKLKGSIPTGYP*GT
P2E7,YDL226C_4_CDS_S - IV:51526-51641,GCS1,CDS,116,189,+1; +0,GTACGCCTCGAGCCGGACTCTAGAGGATCGAACCCTT,AAGGGTTCGATCCCTACCGGTTACCCTTAAGGTACG,caattttcaaaaggagaagaacgaagcttattttgctgagctgggcaagaagaaccaatctagaccagatcatttgcccccttctcaaggtggtaaatatcagggctttggaagta,GTACGCCTCGAGCCGGACTCTAGAGGATCGAACCCTTcaattttcaaaaggagaagaacgaagcttattttgctgagctgggcaagaagaaccaatctagaccagatcatttgcccccttctcaaggtggtaaatatcagggctttggaagtaAAGGGTTCGATCCCTACCGGTTACCCTTAAGGTACG,VRLEPDSRGSNPSIFKRRRTKLILLSWARRTNLDQIICPLLKVVNIRALEVKGSIPTGYP*GT
P2F7,YMR243C_3_UTR3_S - XIII:754805-754921,ZRC1,UTR3,117,NA,,NA,NA,acctactgcctatggtgctactacagcatcatctaattgtattgtagatgacgctgtaaactgcaatacttccaattgcctgtaataaagatataaagggctgaagccgtcggtgaa,NA,NA
P2G7,YMR243C_4_CDS_S - XIII:754847-754956,ZRC1,CDS,110,184,+2,GTACGCCTCGAGCCCCGGACTCTAGAGGATCGAACCCTT,AAGGGTTCGATCCCTACCGGTTACCTTAAGGTACG,catggaaacactgagcatggtagaaaaaagcgttcacctactgcctatggtgctactacagcatcatctaattgtattgtagatgacgctgtaaactgcaatacttccaa,GTACGCCTCGAGCCCCGGACTCTAGAGGATCGAACCCTTcatggaaacactgagcatggtagaaaaaagcgttcacctactgcctatggtgctactacagcatcatctaattgtattgtagatgacgctgtaaactgcaatacttccaaAAGGGTTCGATCCCTACCGGTTACCTTAAGGTACG,VRLEPRTLEDRTLHGNTEHGRKKRSPTAYGATTASSNCIVDDAVNCNTSKRVRSLPVTLRY
P2H7,YHR071W_0_UTR5_S + VIII:236631-236752,PCL5,UTR5,122,NA,,NA,NA,cttttctctcactaccgtaacaacgtggtagttggcagaatatatatattcttggcaacctagttgttactcaaatagaagaaaaagcaagtttctccctatttatttggttctccctattc,NA,NA
P2A8,YHR071W_4_UTR5_S + VIII:236822-236943,PCL5,UTR5,122,NA,,NA,NA,atagttataacaatgcactcttccgtcttctaagttttccttttattaaggatgcgcgcaatagaagacacaggcaataatagaatttattagggtattattgtaaggataggcattacaaa,NA,NA
P2B8,YER110C_17_CDS_S - V:380269-380391,KAP123,CDS,123,NA,,NA,NA,aatttgccgaacctttggttaactccgcctatgaggccatcaaaactgattctgctagattaagagaatctggttatgcattcattgcaaacttggctaaagtttacggcgaaaattttgctc,NA,NA
P2C8,YJR025C_2_CDS_S - X:471322-471451,BNA1,CDS,130,206,+2; +0,GTACGCCTCGAGCCCCGGACTCTAGAGGATCGAACCCTT,AAGGGTTCGATCCCTACCGGTTACCCCTTAAGGTACG,acagacgctgaaccaaagttcattgatatcatcatcaatgaaggcgattcatatttattgccaggaaatgttcctcacagtcctgttcggtttgctgatactgtgggtattgttgtggaacaagataggc,GTACGCCTCGAGCCCCGGACTCTAGAGGATCGAACCCTTacagacgctgaaccaaagttcattgatatcatcatcaatgaaggcgattcatatttattgccaggaaatgttcctcacagtcctgttcggtttgctgatactgtgggtattgttgtggaacaagataggcAAGGGTTCGATCCCTACCGGTTACCCCTTAAGGTACG,VRLEPRTLEDRTLTDAEPKFIDIIINEGDSYLLPGNVPHSPVRFADTVGIVVEQDRQGFDPYRLPLKV
P2D8,YML070W_1_CDS_S + XIII:133486-133591,DAK1,CDS,106,178,+1; +0,GTACGCCTCGAGCCGGACTCTAGAGGATCGAACCCTT,AAGGGTTCGATCCCTACCGGTTACCTTAAGGTACG,atcgtttgaagtcacagatccagtcaattcaagtctcaaagggtttgcccttgctaacccctccattacgctggtccctgaagaaaaaattctcttcagaaagacc,GTACGCCTCGAGCCGGACTCTAGAGGATCGAACCCTTatcgtttgaagtcacagatccagtcaattcaagtctcaaagggtttgcccttgctaacccctccattacgctggtccctgaagaaaaaattctcttcagaaagaccAAGGGTTCGATCCCTACCGGTTACCTTAAGGTACG,VRLEPDSRGSNPYRLKSQIQSIQVSKGLPLLTPPLRWSLKKKFSSERPRVRSLPVTLRY
P2E8,YML070W_2_CDS_S + XIII:133523-133639,DAK1,CDS,117,192,+2,GTACGCCTCGAGCCCCGGACTCTAGAGGATCGAACCCTT,AAGGGTTCGATCCCTACCGGTTACCCTTAAGGTACG,aaagggtttgcccttgctaacccctccattacgctggtccctgaagaaaaaattctcttcagaaagaccgattccgacaagatcgcattaatttctggtggtggtagtggacatgaa,GTACGCCTCGAGCCCCGGACTCTAGAGGATCGAACCCTTaaagggtttgcccttgctaacccctccattacgctggtccctgaagaaaaaattctcttcagaaagaccgattccgacaagatcgcattaatttctggtggtggtagtggacatgaaAAGGGTTCGATCCCTACCGGTTACCCTTAAGGTACG,VRLEPRTLEDRTLKGFALANPSITLVPEEKILFRKTDSDKIALISGGGSGHEKGSIPTGYP*GT
P2F8,YPL207W_30_CDS_S + XVI:161882-162019,TYW1,CDS,138,213,+2,GTACGCCTCGAGCCCCGGACTCTAGAGGATCGAACCCTT,AAGGGTTCGATCCCTACCGGTTACCCTTAAGGTACG,cgtggtttaccaggtttcattgaagttaaaggcgccacgtttagtggctcatctgatgggaatggtaatcctttgacaatgcagaatattccattttacgaggaatgtgtaaaatttgtgaaggcgtttaccacggaa,GTACGCCTCGAGCCCCGGACTCTAGAGGATCGAACCCTTcgtggtttaccaggtttcattgaagttaaaggcgccacgtttagtggctcatctgatgggaatggtaatcctttgacaatgcagaatattccattttacgaggaatgtgtaaaatttgtgaaggcgtttaccacggaaAAGGGTTCGATCCCTACCGGTTACCCTTAAGGTACG,VRLEPRTLEDRTLRGLPGFIEVKGATFSGSSDGNGNPLTMQNIPFYEECVKFVKAFTTEKGSIPTGYP*GT
P2G8,YBL039C_19_UTR5_S - II:145624-145755,URA7,UTR5,132,207,+2,GTACGCCTCGAGCCCCGGACTCTAGAGGATCGAACCCTT,AAGGGTTCGATCCCTACCGGTTACCCTTAAGGTACG,acaaaagaaacttatagacagaaaatgaagtacgttgttgtttcaggtggtgtcatttcgggtatcggtaaaggtgttcttgcatcttcaactggtatgctaatgaaaaccctcggtttaaaggttacgtca,GTACGCCTCGAGCCCCGGACTCTAGAGGATCGAACCCTTacaaaagaaacttatagacagaaaatgaagtacgttgttgtttcaggtggtgtcatttcgggtatcggtaaaggtgttcttgcatcttcaactggtatgctaatgaaaaccctcggtttaaaggttacgtcaAAGGGTTCGATCCCTACCGGTTACCCTTAAGGTACG,VRLEPRTLEDRTLTKETYRQKMKYVVVSGGVISGIGKGVLASSTGMLMKTLGLKVTSKGSIPTGYP*GT
P2H8,YDR354W_3_CDS_S + IV:1185361-1185472,TRP4,CDS,112,186,+0,GTACGCCTCGAGCCCGGACTCAAGAGGATCGAACCCTT,AAGGGTTCGATCCCTACCGGTTACCCTTAAGGTACG,cgtactgggaccacttctacatccagttagccacgtaaacaagagaatattgggcgtttactcaaaggaacttgcgcctgaatatgccaaggcagccgctttggtatatcca,GTACGCCTCGAGCCCGGACTCAAGAGGATCGAACCCTTcgtactgggaccacttctacatccagttagccacgtaaacaagagaatattgggcgtttactcaaaggaacttgcgcctgaatatgccaaggcagccgctttggtatatccaAAGGGTTCGATCCCTACCGGTTACCCTTAAGGTACG,VRLEPGLKRIEPFVLGPLLHPVSHVNKRILGVYSKELAPEYAKAAALVYPKGSIPTGYP*GT
P2A9,YDR354W_4_CDS_S + IV:1185397-1185523,TRP4,CDS,127,201,+0,GTACGCCTCGAGCCCGGACTCAAGAGGATCGAACCCTT,AAGGGTTCGATCCCTACCGGTTACCCTTAAGGTACG,aaacaagagaatattgggcgtttactcaaaggaacttgcgcctgaatatgccaaggcagccgctttggtatatccaggaagcgaaacttttatagtttggggacatgttgggttagacgaagtatca,GTACGCCTCGAGCCCGGACTCAAGAGGATCGAACCCTTaaacaagagaatattgggcgtttactcaaaggaacttgcgcctgaatatgccaaggcagccgctttggtatatccaggaagcgaaacttttatagtttggggacatgttgggttagacgaagtatcaAAGGGTTCGATCCCTACCGGTTACCCTTAAGGTACG,VRLEPGLKRIEPLNKRILGVYSKELAPEYAKAAALVYPGSETFIVWGHVGLDEVSKGSIPTGYP*GT
P2B9,YDR354W_5_CDS_S + IV:1185435-1185560,TRP4,CDS,126,200,+1,GTACGCCTCGAGCCGGACTCTAGAGGATCGAACCCTT,AAGGGTTCGATCCCTACCGGTTACCCCTTAAGGTACG,cgcctgaatatgccaaggcagccgctttggtatatccaggaagcgaaacttttatagtttggggacatgttgggttagacgaagtatcacctataggcaaaactactgtctggcatattgatccga,GTACGCCTCGAGCCGGACTCTAGAGGATCGAACCCTTcgcctgaatatgccaaggcagccgctttggtatatccaggaagcgaaacttttatagtttggggacatgttgggttagacgaagtatcacctataggcaaaactactgtctggcatattgatccgaAAGGGTTCGATCCCTACCGGTTACCCCTTAAGGTACG,VRLEPDSRGSNPSPEYAKAAALVYPGSETFIVWGHVGLDEVSPIGKTTVWHIDPKGFDPYRLPLKV
P2C9,YDR449C_7_CDS_S - IV:1358312-1358440,UTP6,CDS,129,202,+0,GTACGCCTCGAGCCCGGACTCAAGAGGATCGAACCCTT,AAGGGTTCGATCCCTACCGGTTACCTTAAGGTACG,atacgaatatgaagttcatgctaacttcaagagttgtagaaatatttttcagaatgggttgaggtttaaccctgatgtgcctaagctatggtatgaatatgtaaaattcgagctgaatttcatcactaa,GTACGCCTCGAGCCCGGACTCAAGAGGATCGAACCCTTatacgaatatgaagttcatgctaacttcaagagttgtagaaatatttttcagaatgggttgaggtttaaccctgatgtgcctaagctatggtatgaatatgtaaaattcgagctgaatttcatcactaaAAGGGTTCGATCCCTACCGGTTACCTTAAGGTACG,VRLEPGLKRIEPLYEYEVHANFKSCRNIFQNGLRFNPDVPKLWYEYVKFELNFITKRVRSLPVTLRY
P2D9,YGL103W_5_CDS_S + VII:311594-311701,RPL28,CDS,108,181,+0,GTACGCCTCGAGCCCGGACTCAAGAGGATCGAACCCTT,AAGGGTTCGATCCCTACCGGTTACCTTAAGGTACG,acatcaccacagaattaacatggataaataccatccaggttatttcggtaaggttggtatgagatacttccacaagcaacaagctcatttctggaagccagtcttgaa,GTACGCCTCGAGCCCGGACTCAAGAGGATCGAACCCTTacatcaccacagaattaacatggataaataccatccaggttatttcggtaaggttggtatgagatacttccacaagcaacaagctcatttctggaagccagtcttgaaAAGGGTTCGATCCCTACCGGTTACCTTAAGGTACG,VRLEPGLKRIEPLHHHRINMDKYHPGYFGKVGMRYFHKQQAHFWKPVLKRVRSLPVTLRY
P2E9,YEL036C_6_CDS_S - V:83965-84090,ANP1,CDS,126,201,+2,GTACGCCTCGAGCCCCGGACTCTAGAGGATCGAACCCTT,AAGGGTTCGATCCCTACCGGTTACCCTTAAGGTACG,aaggacttcggccaaatcattggtcagtccttttctgatcgtcacgggtttggcgcccagggccccagaagaaagctgatggccagggctcgtaattggcttgggtccgtggccctgaaaccatac,GTACGCCTCGAGCCCCGGACTCTAGAGGATCGAACCCTTaaggacttcggccaaatcattggtcagtccttttctgatcgtcacgggtttggcgcccagggccccagaagaaagctgatggccagggctcgtaattggcttgggtccgtggccctgaaaccatacAAGGGTTCGATCCCTACCGGTTACCCTTAAGGTACG,VRLEPRTLEDRTLKDFGQIIGQSFSDRHGFGAQGPRRKLMARARNWLGSVALKPYKGSIPTGYP*GT
P2F9,YPL160W_26_CDS_S + XVI:250082-250197,CDC60,CDS,116,190,+2,GTACGCCTCGAGCCCCGGACTCTAGAGGATCGAACCCTT,AAGGGTTCGATCCCTACCGGTTACCTTAAGGTACG,aatgttaagaaggcagcacaagctttgaaaattgctgaatttagcgcaatttctttcccatatggcgccaaaaccggtaaggatatctttactggtgaagaagttgaaattccacc,GTACGCCTCGAGCCCCGGACTCTAGAGGATCGAACCCTTaatgttaagaaggcagcacaagctttgaaaattgctgaatttagcgcaatttctttcccatatggcgccaaaaccggtaaggatatctttactggtgaagaagttgaaattccaccAAGGGTTCGATCCCTACCGGTTACCTTAAGGTACG,VRLEPRTLEDRTLNVKKAAQALKIAEFSAISFPYGAKTGKDIFTGEEVEIPPRVRSLPVTLRY
P2G9,YLR175W_8_CDS_S + XII:506680-506844,CBF5,CDS,165,239,+1,GTACGCCTCGAGCCGGACTCTAGAGGATCGAACCCTT,AAGGGTTCGATCCCTACCGGTTACCCCTTAAGGTACG,acttaggtgttttctgggcttcctgtgaagctggtacttatatgcgtactttgtgtgttcatttaggtatgctattaggtgttggtggtcacatgcaagaattgcgtcgtgttagatccggtgctctgtctgaaaatgacaacatggtcactttacatgatgtta,GTACGCCTCGAGCCGGACTCTAGAGGATCGAACCCTTacttaggtgttttctgggcttcctgtgaagctggtacttatatgcgtactttgtgtgttcatttaggtatgctattaggtgttggtggtcacatgcaagaattgcgtcgtgttagatccggtgctctgtctgaaaatgacaacatggtcactttacatgatgttaAAGGGTTCGATCCCTACCGGTTACCCCTTAAGGTACG,VRLEPDSRGSNPYLGVFWASCEAGTYMRTLCVHLGMLLGVGGHMQELRRVRSGALSENDNMVTLHDVKGFDPYRLPLKV
P2H9,YMR108W_20_CDS_S + XIII:485613-485738,ILV2,CDS,126,201,+2,GTACGCCTCGAGCCCCGGACTCTAGAGGATCGAACCCTT,AAGGGTTCGATCCCTACCGGTTACCCTTAAGGTACG,agaaatccacatactttcatcacatcaggtggtttaggtacgatgggttacggtctccctgccgccatcggtgctcaagttgcaaagccagaatctttggttattgacattgatggtgacgcatcc,GTACGCCTCGAGCCCCGGACTCTAGAGGATCGAACCCTTagaaatccacatactttcatcacatcaggtggtttaggtacgatgggttacggtctccctgccgccatcggtgctcaagttgcaaagccagaatctttggttattgacattgatggtgacgcatccAAGGGTTCGATCCCTACCGGTTACCCTTAAGGTACG,VRLEPRTLEDRTLRNPHTFITSGGLGTMGYGLPAAIGAQVAKPESLVIDIDGDASKGSIPTGYP*GT
P2A10,YEL027W_7_UTR3_S + V:101267-101378,VMA3,UTR3,112,NA,,NA,NA,actaaagcaggaatagagtatacaaaagaatctttttgtgagaaactatgaaaactatcaaaatttttcatcttagagattgtttatagcccctattcttacttcatatcca,NA,NA
P2B10,YOL086C_0_CDS_S - XV:159771-159898,ADH1,CDS,128,202,+2,GTACGCCTCGAGCCCCGGACTCTAGAGGATCGAACCCTT,AAGGGTTCGATCCCTACCGGTTACCTTAAGGTACG,ctaaaggccactgacggtggtgctcacggtgtcatcaacgtttccgtttccgaagccgctattgaagcttctaccagatacgttagagctaacggtaccaccgttttggtcggtatgccagctggtgc,GTACGCCTCGAGCCCCGGACTCTAGAGGATCGAACCCTTctaaaggccactgacggtggtgctcacggtgtcatcaacgtttccgtttccgaagccgctattgaagcttctaccagatacgttagagctaacggtaccaccgttttggtcggtatgccagctggtgcAAGGGTTCGATCCCTACCGGTTACCTTAAGGTACG,VRLEPRTLEDRTLLKATDGGAHGVINVSVSEAAIEASTRYVRANGTTVLVGMPAGARVRSLPVTLRY
P2C10,YOL086C_2_CDS_S - XV:159860-159994,ADH1,CDS,135,210,+2,GTACGCCTCGAGCCCCGGACTCTAGAGGATCGAACCCTT,AAGGGTTCGATCCCTACCGGTTACCCTTAAGGTACG,attgacggtggtgaaggtaaggaagaattattcagatccatcggtggtgaagtcttcattgacttcactaaggaaaaggacattgtcggtgctgttctaaaggccactgacggtggtgctcacggtgtcatcaac,GTACGCCTCGAGCCCCGGACTCTAGAGGATCGAACCCTTattgacggtggtgaaggtaaggaagaattattcagatccatcggtggtgaagtcttcattgacttcactaaggaaaaggacattgtcggtgctgttctaaaggccactgacggtggtgctcacggtgtcatcaacAAGGGTTCGATCCCTACCGGTTACCCTTAAGGTACG,VRLEPRTLEDRTLIDGGEGKEELFRSIGGEVFIDFTKEKDIVGAVLKATDGGAHGVINKGSIPTGYP*GT
P2D10,YOL086C_3_CDS_S - XV:159903-160048,ADH1,CDS,146,220,+2,GTACGCCTCGAGCCCCGGACTCTAGAGGATCGAACCCTT,AAGGGTTCGATCCCTACCGGTTACCTTAAGGTACG,ctaggttctttggctgttcaatacgccaaggctatgggttacagagtcttgggtattgacggtggtgaaggtaaggaagaattattcagatccatcggtggtgaagtcttcattgacttcactaaggaaaaggacattgtcggtgc,GTACGCCTCGAGCCCCGGACTCTAGAGGATCGAACCCTTctaggttctttggctgttcaatacgccaaggctatgggttacagagtcttgggtattgacggtggtgaaggtaaggaagaattattcagatccatcggtggtgaagtcttcattgacttcactaaggaaaaggacattgtcggtgcAAGGGTTCGATCCCTACCGGTTACCTTAAGGTACG,VRLEPRTLEDRTLLGSLAVQYAKAMGYRVLGIDGGEGKEELFRSIGGEVFIDFTKEKDIVGARVRSLPVTLRY
P2E10,YNL190W_5_UTR3_S + XIV:283010-283134,,UTR3,125,199,+2,GTACGCCTCGAGCCCCGGACTCTAGAGGATCGAACCCTT,AAGGGTTCGATCCCTACCGGTTACCTTAAGGTACG,ataagctttgaattggatttgagaaataaaggaagacctaattttctccggttttatgttttttaccccccctacccccttcatcctgaagtagtaaattctttttattatactatttcgactac,GTACGCCTCGAGCCCCGGACTCTAGAGGATCGAACCCTTataagctttgaattggatttgagaaataaaggaagacctaattttctccggttttatgttttttaccccccctacccccttcatcctgaagtagtaaattctttttattatactatttcgactacAAGGGTTCGATCCCTACCGGTTACCTTAAGGTACG,VRLEPRTLEDRTLISFELDLRNKGRPNFLRFYVFYPPYPLHPEVVNSFYYTISTTRVRSLPVTLRY
P2F10,YNL190W_6_UTR3_S + XIV:283092-283241,,UTR3,150,NA,,NA,NA,atcctgaagtagtaaattctttttattatactatttcgactactatgtgtttacgtgtgcttgtgcaaaagtgaaatttattgtgattgtgttctttttctcttttttttatacaaaaaatggagaaaggaaattgggacctacgattta,NA,NA
P2G10,YJL010C_2_CDS_S - X:418049-418170,NOP9,CDS,122,196,+2,GTACGCCTCGAGCCCCGGACTCTAGAGGATCGAACCCTT,AAGGGTTCGATCCCTACCGGTTACCTTAAGGTACG,agttgcctgttgttgagtgcatcgactttgggcaataccagagatgactggccaacagcagaagaaagaagacgatcagttttcttggaacaattaattgactacgacgacaagtttttgaa,GTACGCCTCGAGCCCCGGACTCTAGAGGATCGAACCCTTagttgcctgttgttgagtgcatcgactttgggcaataccagagatgactggccaacagcagaagaaagaagacgatcagttttcttggaacaattaattgactacgacgacaagtttttgaaAAGGGTTCGATCCCTACCGGTTACCTTAAGGTACG,VRLEPRTLEDRTLSCLLLSASTLGNTRDDWPTAEERRRSVFLEQLIDYDDKFLKRVRSLPVTLRY
P2H10,YLR150W_4_CDS_S + XII:441046-441149,STM1,CDS,104,179,+0,GTACGCCTCGAGCCCGGACTCAAGAGGATCGAACCCTT,AAGGGTTCGATCCCTACCGGTTACCCCTTAAGGTACG,caagaacgtcaaatctaagcaattgaagaccaaggagtacttggaatttgatgccacttttgttgaatctaacactagaaagaacttcggtgacagaaacaaca,GTACGCCTCGAGCCCGGACTCAAGAGGATCGAACCCTTcaagaacgtcaaatctaagcaattgaagaccaaggagtacttggaatttgatgccacttttgttgaatctaacactagaaagaacttcggtgacagaaacaacaAAGGGTTCGATCCCTACCGGTTACCCCTTAAGGTACG,VRLEPGLKRIEPFKNVKSKQLKTKEYLEFDATFVESNTRKNFGDRNNKGFDPYRLPLKV
P2A11,YGL215W_4_CDS_L + VII:88071-88253,CLG1,CDS,183,257,+1,GTACGCCTCGAGCCGGACTCTAGAGGATCGAACCCTT,AAGGGTTCGATCCCTACCGGTTACCCCTTAAGGTACG,ctgctgttaatgttgctaggcaactgcctaaatatttaggtcatgttccctcgcaatcagttcatactcagttgccatccatggcttctttaggttacttcaatcagccaagttctacttactatgctcctcctgcaccacttcaacagcaccagcaaccacctatccttccccctccgggcc,GTACGCCTCGAGCCGGACTCTAGAGGATCGAACCCTTctgctgttaatgttgctaggcaactgcctaaatatttaggtcatgttccctcgcaatcagttcatactcagttgccatccatggcttctttaggttacttcaatcagccaagttctacttactatgctcctcctgcaccacttcaacagcaccagcaaccacctatccttccccctccgggccAAGGGTTCGATCCCTACCGGTTACCCCTTAAGGTACG,VRLEPDSRGSNPSAVNVARQLPKYLGHVPSQSVHTQLPSMASLGYFNQPSSTYYAPPAPLQQHQQPPILPPPGQGFDPYRLPLKV
P2B11,YAR002C-A_0_CDS_L - I:154316-154548,ERP1,CDS,233,306,+1,GTACGCCTCGAGCCGGACTCTAGAGGATCGAACCCTT,AAGGGTTCGATCCCTACCGGTTACCCTTAAGGTACG,attacagagacgctggtgcgcaagattttggtgtcttgattgatattgaggaaacttttgatgataaccacctggttgttcatcagaaaggttcagcaagtggtgatttaactttccttgcgtctgattcgggtgaacataaaatctgtattcagcccgaagctggtggctggttgattaaggctaaaacgaagattgacgttgaattccaagtgggctctgatgaaaagtta,GTACGCCTCGAGCCGGACTCTAGAGGATCGAACCCTTattacagagacgctggtgcgcaagattttggtgtcttgattgatattgaggaaacttttgatgataaccacctggttgttcatcagaaaggttcagcaagtggtgatttaactttccttgcgtctgattcgggtgaacataaaatctgtattcagcccgaagctggtggctggttgattaaggctaaaacgaagattgacgttgaattccaagtgggctctgatgaaaagttaAAGGGTTCGATCCCTACCGGTTACCCTTAAGGTACG,VRLEPDSRGSNPYYRDAGAQDFGVLIDIEETFDDNHLVVHQKGSASGDLTFLASDSGEHKICIQPEAGGWLIKAKTKIDVEFQVGSDEKLKGSIPTGYP*GT
P2C11,YAR002C-A_1_CDS_L - I:154428-154634,ERP1,CDS,207,280,+0,GTACGCCTCGAGCCCGGACTCAAGAGGATCGAACCCTT,AAGGGTTCGATCCCTACCGGTTACCTTAAGGTACG,acgtaagtgcttccacaaggaattgtctaaaggtactttgttccaagcaacttacaaggcacaaatttacgatgaccaattacaaaattacagagacgctggtgcgcaagattttggtgtcttgattgatattgaggaaacttttgatgataaccacctggttgttcatcagaaaggttcagcaagtggtgatttaactttccttgc,GTACGCCTCGAGCCCGGACTCAAGAGGATCGAACCCTTacgtaagtgcttccacaaggaattgtctaaaggtactttgttccaagcaacttacaaggcacaaatttacgatgaccaattacaaaattacagagacgctggtgcgcaagattttggtgtcttgattgatattgaggaaacttttgatgataaccacctggttgttcatcagaaaggttcagcaagtggtgatttaactttccttgcAAGGGTTCGATCCCTACCGGTTACCTTAAGGTACG,VRLEPGLKRIEPLRKCFHKELSKGTLFQATYKAQIYDDQLQNYRDAGAQDFGVLIDIEETFDDNHLVVHQKGSASGDLTFLARVRSLPVTLRY
P2D11,YLR075W_1_CDS_L + XII:283051-283265,RPL10,CDS,215,289,+2,GTACGCCTCGAGCCCCGGACTCTAGAGGATCGAACCCTT,AAGGGTTCGATCCCTACCGGTTACCTTAAGGTACG,accgtcgatgaattcccattgtgtgtccatttggtttccaacgaattggaacaattgtcttctgaagctttggaagctgctcgtatctgtgccaacaagtacatgactactgtctccggtagagatgctttccacttaagagtcagagtccatcctttccatgtcttgagaatcaacaagatgttgtcttgtgccggtgcggatagattgcaaca,GTACGCCTCGAGCCCCGGACTCTAGAGGATCGAACCCTTaccgtcgatgaattcccattgtgtgtccatttggtttccaacgaattggaacaattgtcttctgaagctttggaagctgctcgtatctgtgccaacaagtacatgactactgtctccggtagagatgctttccacttaagagtcagagtccatcctttccatgtcttgagaatcaacaagatgttgtcttgtgccggtgcggatagattgcaacaAAGGGTTCGATCCCTACCGGTTACCTTAAGGTACG,VRLEPRTLEDRTLTVDEFPLCVHLVSNELEQLSSEALEAARICANKYMTTVSGRDAFHLRVRVHPFHVLRINKMLSCAGADRLQQRVRSLPVTLRY
P2E11,YDR064W_3_UTR5_L + IV:579826-580015,RPS13,UTR5,190,NA,,NA,NA,cacgttaacctatcggaggagaaccaagattgaagaatcacccggaatagttatactttaatggaattgtatggtctgaacgaggaaatatgtcatgatacacttttcttcaagccatatgaatcttcatgttactaacattcgataaattttttggaatatccaattccactaaatattactttaaaca,NA,NA
P2F11,YPL231W_1_CDS_L + XVI:112148-112365,FAS2,CDS,218,NA,,NA,NA,agttactaaagggtgccactttatacattccaaaggctttgagatttgaccgtttggttgcaggtcaaattccaactggttggaatgctaagacttatggtatctctgatgatatcatttctcaggttgacccaatcacattattcgttttggtctctgttgtggaagcatttattgcatctggtatcaccgacccatacgaaatgtacaaatacgta,NA,NA
P2G11,YAL038W_2_CDS_L + I:73022-73222,CDC19,CDS,201,274,+0,GTACGCCTCGAGCCCGGACTCAAGAGGATCGAACCCTT,AAGGGTTCGATCCCTACCGGTTACCTTAAGGTACG,caagtacagaccaaactgtccaatcatcttggttaccagatgcccaagagctgctagattctctcacttgtacagaggtgtcttcccattcgttttcgaaaaggaacctgtctctgactggactgatgatgttgaagcccgtatcaacttcggtattgaaaaggctaaggaattcggtatcttgaagaagggtgacactta,GTACGCCTCGAGCCCGGACTCAAGAGGATCGAACCCTTcaagtacagaccaaactgtccaatcatcttggttaccagatgcccaagagctgctagattctctcacttgtacagaggtgtcttcccattcgttttcgaaaaggaacctgtctctgactggactgatgatgttgaagcccgtatcaacttcggtattgaaaaggctaaggaattcggtatcttgaagaagggtgacacttaAAGGGTTCGATCCCTACCGGTTACCTTAAGGTACG,VRLEPGLKRIEPFKYRPNCPIILVTRCPRAARFSHLYRGVFPFVFEKEPVSDWTDDVEARINFGIEKAKEFGILKKGDT*RVRSLPVTLRY
P2H11,YKL029C_5_CDS_L - XI:384162-384318,MAE1,CDS,157,231,+0,GTACGCCTCGAGCCCGGACTCAAGAGGATCGAACCCTT,AAGGGTTCGATCCCTACCGGTTACCCTTAAGGTACG,cagatccttgacagcatcaaggacagcaccattaagaagatggcctattcagcaatcgcgtttatattcttctaacactagatcgcataaagctaccacaacaagagaaaatactttccaaaagccatacagcgacgaggaggtcactaaaacaccc,GTACGCCTCGAGCCCGGACTCAAGAGGATCGAACCCTTcagatccttgacagcatcaaggacagcaccattaagaagatggcctattcagcaatcgcgtttatattcttctaacactagatcgcataaagctaccacaacaagagaaaatactttccaaaagccatacagcgacgaggaggtcactaaaacacccAAGGGTTCGATCCCTACCGGTTACCCTTAAGGTACG,VRLEPGLKRIEPFRSLTASRTAPLRRWPIQQSRLYSSNTRSHKATTTRENTFQKPYSDEEVTKTPKGSIPTGYP*GT
P2A12,YJR016C_5_CDS_L - X:465649-465825,ILV3,CDS,177,NA,,NA,NA,aaaccatcatgatggcacaacactacgatgctaacatcgccatcccatcatgtgacaaaaacatgcccggtgtcatgatggccatgggtagacataacagaccttccatcatggtatatggtggtactatcttgcccggtcatccaacatgtggttcttcgaagatctctaaaaaca,NA,NA
P2B12,YAL023C_4_CDS_L - I:107724-107970,PMT2,CDS,247,323,+2,GTACGCCTCGAGCCCCGGACTCTAGAGGATCGAACCCTT,AAGGGTTCGATCCCTACCGGTTACCCCTTAAGGTACG,actttgggcaggttcattcttttggactccatgctacttttcttcactgtcgcatcgttctttagttttgttatgttccacaaccagaggtccaagccgttctctagaaagtggtggaaatggctgttgatcactggtatttctttgggttgcactatttccgtcaaaatggtgggtctatttatcatcactatggtcggtatctatactgtgattgacttatggacctttttggcagataaatcca,GTACGCCTCGAGCCCCGGACTCTAGAGGATCGAACCCTTactttgggcaggttcattcttttggactccatgctacttttcttcactgtcgcatcgttctttagttttgttatgttccacaaccagaggtccaagccgttctctagaaagtggtggaaatggctgttgatcactggtatttctttgggttgcactatttccgtcaaaatggtgggtctatttatcatcactatggtcggtatctatactgtgattgacttatggacctttttggcagataaatccaAAGGGTTCGATCCCTACCGGTTACCCCTTAAGGTACG,VRLEPRTLEDRTLTLGRFILLDSMLLFFTVASFFSFVMFHNQRSKPFSRKWWKWLLITGISLGCTISVKMVGLFIITMVGIYTVIDLWTFLADKSKGFDPYRLPLKV
P2C12,YPL106C_0_CDS_L - XVI:350694-350885,SSE1,CDS,192,NA,,NA,NA,agatcactggtgttcaattaccagaaggtcaagactctgttcctgttaagttaaagttgagatgcgacccctctggtttacacacaattgaagaggcttacactattgaagatattgaagttgaagaacctattccattaccagaagatgctccagaagatgctgagcaagaatttaagaaggttactaaaa,NA,NA
P2D12,YJL034W_2_CDS_L + X:382840-383021,KAR2,CDS,182,256,+2,GTACGCCTCGAGCCCCGGACTCTAGAGGATCGAACCCTT,AAGGGTTCGATCCCTACCGGTTACCTTAAGGTACG,attccaccagcaccaagaggtgtacctcaaattgaagtcacatttgcacttgacgctaatggtattctgaaggtgtctgccacagataagggaactggtaaatccgaatctatcaccatcactaacgataaaggtagattaacccaagaagagattgatagaatggttgaagaggctgaaaa,GTACGCCTCGAGCCCCGGACTCTAGAGGATCGAACCCTTattccaccagcaccaagaggtgtacctcaaattgaagtcacatttgcacttgacgctaatggtattctgaaggtgtctgccacagataagggaactggtaaatccgaatctatcaccatcactaacgataaaggtagattaacccaagaagagattgatagaatggttgaagaggctgaaaaAAGGGTTCGATCCCTACCGGTTACCTTAAGGTACG,VRLEPRTLEDRTLIPPAPRGVPQIEVTFALDANGILKVSATDKGTGKSESITITNDKGRLTQEEIDRMVEEAEKRVRSLPVTLRY
