YCL043C_7_CDS_S - III:49378-49505;CTACTTTGGTGAAATCGACG;58;20;TGGCCAACTCGGTAAAGAG;58;19;CTACTTTGGTGAAATCGACGGTTCCGTTTTCGCCCAATACGTCGAAAGCGGTTTGCCTTTGGGTTACTTATTCTACAATGACGAGGAAGAATTGGAAGAATACAAGCCTCTCTTTACCGAGTTGGCCA
YGR173W_2_CDS_S + VII:843881-843977;AAGCCATCGAAGAAGAAATGG;60;21;TGTTGTCTGTATCTAGCCAAT;58;21;AAGCCATCGAAGAAGAAATGGCCAGAACCCAAAAAAATAAGGCCACAGAACATCATCTGGGTCTTTTGAAGGGGAAATTGGCTAGATACAGACAACA
YGR173W_3_CDS_S + VII:843910-844038;CAAAAAAATAAGGCCACAGAAC;60;22;TTTTGCCACTTCAAAACCAGA;58;21;CAAAAAAATAAGGCCACAGAACATCATCTGGGTCTTTTGAAGGGGAAATTGGCTAGATACAGACAACAACTGCTAGCTGATGAAGCTGGTAGTGGTGGTGGAGGAGGGTCTGGTTTTGAAGTGGCAAAA
YEL009C_13_CDS_S - V:139650-139758;CGAATATCAGCCAAGTTTATTT;58;22;TGGTTTGGCAGTAGAAGTGG;60;20;CGAATATCAGCCAAGTTTATTTGCTTTAAATCCAATGGGTTTCTCACCATTGGATGGTTCTAAATCAACCAACGAAAATGTATCTGCTTCCACTTCTACTGCCAAACCA
YEL009C_14_UTR5_S - V:139683-139786;AAAATAAATTAAATACAAATAAAATGT;58;27;TTCGTTGGTTGATTTAGAACC;58;21;AAAATAAATTAAATACAAATAAAATGTCCGAATATCAGCCAAGTTTATTTGCTTTAAATCCAATGGGTTTCTCACCATTGGATGGTTCTAAATCAACCAACGAA
YDL055C_5_CDS_S - IV:356108-356220;CCCAGAAGTCATTGACTTGA;58;20;TCCAGAAACCTTCCAAATCG;58;20;CCCAGAAGTCATTGACTTGATTGAAATGAAGCCAACTTCAATTGAAAAGGAAACTTTCCCAATCTTGGTCGAAGAAAAACAACTATATTCCTTCGATTTGGAAGGTTTCTGGA
YPL037C_3_CDS_S - XVI:481776-481882;AAAAATTAGCTAAGCTACAAAAG;58;23;GTCATCCTTGTTGGCACCG;60;19;AAAAATTAGCTAAGCTACAAAAGTTGTCTGCTAACAACAAAGTTGGTGGTACTAGAAGAAAGCTTAACAAGAAGGCAGGCTCTTCTGCCGGTGCCAACAAGGATGAC
YGL008C_32_UTR5_S - VII:482722-482816;AATTAATTAATTGGAAAATAACCAT;58;25;TGATTTTCTTTAACTAGCTGGG;60;22;AATTAATTAATTGGAAAATAACCATTTTTTCTCTCTTTTATACACACATTCAAAAGAAAGAAAAAAAATATACCCCAGCTAGTTAAAGAAAATCA
YGL008C_33_UTR5_S - VII:482751-482857;ATCAACCTCGTTGATAAATTTTT;58;23;TTTTTTCTTTCTTTTGAATGTGTG;60;24;ATCAACCTCGTTGATAAATTTTTTCTTTAACAATCGTTAATAATTAATTAATTGGAAAATAACCATTTTTTCTCTCTTTTATACACACATTCAAAAGAAAGAAAAAA
YAR002C-A_0_CDS_S - I:154361-154496;AACTTTTGATGATAACCACCTG;60;22;TTTAGCCTTAATCAACCAGCC;60;21;AACTTTTGATGATAACCACCTGGTTGTTCATCAGAAAGGTTCAGCAAGTGGTGATTTAACTTTCCTTGCGTCTGATTCGGGTGAACATAAAATCTGTATTCAGCCCGAAGCTGGTGGCTGGTTGATTAAGGCTAAA
YAR002C-A_1_CDS_S - I:154407-154549;AATTACAGAGACGCTGGTGC;60;20;TTATGTTCACCCGAATCAGAC;60;21;AATTACAGAGACGCTGGTGCGCAAGATTTTGGTGTCTTGATTGATATTGAGGAAACTTTTGATGATAACCACCTGGTTGTTCATCAGAAAGGTTCAGCAAGTGGTGATTTAACTTTCCTTGCGTCTGATTCGGGTGAACATAA
YNL301C_4_UTR3_S - XIV:64160-64270;AGCGGTAGTTTTCTGGAAATT;58;21;TTGTTTTTCTCTTTGAAGAAAAAA;58;24;AGCGGTAGTTTTCTGGAAATTCTGCGAGTACTAAAGGAAGTACAATACGACCTTCAAGTGCGGACCAACTATTAACTGAGCAGAATCTTTTTTCTTCAAAGAGAAAAACAA
YNL301C_5_UTR3_S - XIV:64195-64317;AGTGGAATTTGTTCTCTTTTGT;58;22;GTTAATAGTTGGTCCGCACT;58;20;AGTGGAATTTGTTCTCTTTTGTGTTAAAGATTTCCACTAGAACAGAAAGCGGTAGTTTTCTGGAAATTCTGCGAGTACTAAAGGAAGTACAATACGACCTTCAAGTGCGGACCAACTATTAAC
YNL301C_6_UTR3_S - XIV:64227-64361;CTTCAGTCTTAGTATCGTTGC;60;21;TGTACTTCCTTTAGTACTCGC;60;21;CTTCAGTCTTAGTATCGTTGCGTGCGACGGATCTCTTAGACAAAAGTGGAATTTGTTCTCTTTTGTGTTAAAGATTTCCACTAGAACAGAAAGCGGTAGTTTTCTGGAAATTCTGCGAGTACTAAAGGAAGTACA
YNL301C_7_UTR3_S - XIV:64271-64409;AGGATTCTGTGATATTATTAACT;58;23;TTCTGTTCTAGTGGAAATCTTT;58;22;AGGATTCTGTGATATTATTAACTTCTAGTCCCGGCGATCTTCTAATGGCTTCAGTCTTAGTATCGTTGCGTGCGACGGATCTCTTAGACAAAAGTGGAATTTGTTCTCTTTTGTGTTAAAGATTTCCACTAGAACAGAA
YIR035C_8_CDS_S - IX:421360-421488;CAACGCTTGGAAGAAGCTG;58;19;TACATGTTACAGGCGTCCG;58;19;CAACGCTTGGAAGAAGCTGTATGACATCAACTTCTTCAGCATTGTTTCCTTGGTTGGCATTGCGTTACCTGAATTGAAGAAGACCAACGGTAACGTGGTATTCGTCAGTTCGGACGCCTGTAACATGTA
YGL055W_12_CDS_S + VII:399653-399763;CCCAACTGATTACAGAAACG;58;20;TGAGAGAATTTCTTCAAGTCG;58;21;CCCAACTGATTACAGAAACGCTATTAAGTGGTACCAATACGACCCAACTAAGGTTATCATCTATTTGACTTCTTTAGTTGGTCTAGCATACGACTTGAAGAAATTCTCTCA
YNL096C_2_UTR3_S - XIV:443506-443641;AGAGACCAAGATCCAGAACT;58;20;GAGTCTAACAAAACCTTTTGG;58;21;AGAGACCAAGATCCAGAACTTTGACTGCTGTTCACGACAAGGTTTTGGAAGACATGGTTTTCCCAACTGAAATTGTCGGTAAAAGAGTTAGATATTTGGTTGGTGGTAACAAGATCCAAAAGGTTTTGTTAGACTC
YLR075W_1_CDS_S + XII:282955-283051;AGATACCAAAAGAACAAGCCT;58;21;TAGCCTTCTTCTTACCCAAAT;58;21;AGATACCAAAAGAACAAGCCTTACCCAAAGTCTAGATACAACAGAGCTGTTCCAGACTCCAAGATCAGAATCTACGATTTGGGTAAGAAGAAGGCTA
YLR075W_3_CDS_S + XII:283270-283399;ATGAGAGGTGCTTGGGGTA;58;19;TGTATCTGGCTCTTCTCAAAC;60;21;ATGAGAGGTGCTTGGGGTAAGCCACACGGTTTGGCCGCTCGTGTCGACATTGGTCAAATTATCTTCTCTGTCAGAACCAAGGACAGCAACAAGGATGTTGTCGTTGAAGGTTTGAGAAGAGCCAGATACA
YPR128C_5_CDS_S - XVI:792051-792177;AACTGGCGCTGTGGCTTC;58;18;GGGCAAAACTTTACCTTCGT;58;20;AACTGGCGCTGTGGCTTCGGCAATGGCCAATATTGCAGTTTATCCGCTGGATTTATCGAAGACGATCATTCAGTCACAAGTATCTCCTTCTTCAAGTGAGGATAGTAACGAAGGTAAAGTTTTGCCC
YDR072C_1_CDS_S - IV:589930-590056;AAAATAGTCAACGATGGGTTTA;58;22;TTGCATATAAAACACCAACGAA;58;22;AAAATAGTCAACGATGGGTTTATACCAAAATTCTGGGCTATCCTATATATAATACTACAATGGTGGGCTACCATGTATCTGGACCACCATTATAGATTTGACCTTTTCGTTGGTGTTTTATATGCAA
YGR220C_1_CDS_S - VII:936089-936210;ACGAGCATGTTACTATCCAAA;58;21;GATTGCATCTTGAATTTTAACG;58;22;ACGAGCATGTTACTATCCAAAATGTTAAAGTTTTGAAAGTCGACGATGAAAATAATGTTATTTGGGTTAAAGGCTCTGTGGCTGGGCCCAAAAACAGTTTCGTTAAAATTCAAGATGCAATC
YGL245W_18_CDS_S + VII:40691-40829;ATTGTTGTCGACAAAGATGATG;60;22;TGAAATCACCTTCCAAATTCAA;58;22;ATTGTTGTCGACAAAGATGATGCTGACGTCATCAATGTTGATGAAGAAGTCACTTTAATGGACTGGGGTAATGTCATTATTACTAAAAAGAATGACGATGGTTCTATGGTTGCCAAATTGAATTTGGAAGGTGATTTCA
YBR234C_4_CDS_S - II:686097-686203;AGAATCATCGCTGTTTGTTATT;58;22;TTTGCATGCCAAGACAGGC;58;19;AGAATCATCGCTGTTTGTTATTACGAACACGAGAATAATTGGTGGGTATCCAAGCACATCAAGAAACCCATCAAATCTACCATCAATTGCCTGTCTTGGCATGCAAA
YDL070W_28_CDS_S + IV:332302-332418;CCAGGATATTTTGAATGAAATTG;60;23;GTTATATCGTTTTCATTTATGTC;58;23;CCAGGATATTTTGAATGAAATTGAAACGGATTCAGATCTTGAAGAGGATAACTATTCTTCTTCATATTCATCTGATGATGAATATGATGATGAAGACATAAATGAAAACGATATAAC
YBR262C_4_CDS_S - II:735832-735943;CAATGGCTACTTCTACGATC;58;20;TAGCTTGCGGTTCCTGGTC;60;19;CAATGGCTACTTCTACGATCACGATGCTACATGGTTGAAACAAGATCATCAGGTACAGGACCTGGTGGATAGAAAAGAAGTGGTACCTGGGGAGACCAGGAACCGCAAGCTA
YKL008C_8_CDS_S - XI:428067-428176;AGCCCTTCAAACAACAATTTG;58;21;GTCTCGAACATAGTACCTAAA;58;21;AGCCCTTCAAACAACAATTTGAAAGTGAGGTCAAGACCAAGACGCAAGTCTTCCATAGGTAAGATCGACCTCGGGGACACTGTACCTAGTTTAGGTACTATGTTCGAGAC
YPL048W_9_CDS_S + XVI:464906-465017;CCAGATACTTTGAAAGCCTG;58;20;TCCTTGTATTCATCCTTCAAG;58;21;CCAGATACTTTGAAAGCCTGTTCGGTACTGAATGGAGAGCTCAACATCCAGCCATCGTGAGATGGTTCAACACCGTTAGAGCCTCACCCTTCTTGAAGGATGAATACAAGGA
YDL198C_5_CDS_S - IV:104431-104543;ACCGATAAGAAACAATCAGGA;58;21;TTGGACATCAGTCTTTTGGAA;58;21;ACCGATAAGAAACAATCAGGATTAGCTCGTCTTTTGGGGTCCGCCTCTGCAGGCATAATGGAAATTGCCGTCTTCCATCCTGTGGACACCATTTCCAAAAGACTGATGTCCAA
YDR064W_3_UTR5_S + IV:579566-579705;AAAAGTGGATTTCTAATATAATTTG;60;25;TGTAAAAGAAATTGGAATCACC;58;22;AAAAGTGGATTTCTAATATAATTTGTCTCTGTCGGATCACAATTCTATTACAAGTTCCGGTGTGTACACAGGTATAGTTTATACTGGAGAGTAGTTTCTACTCGCTGTACATTAGCTGGGTGATTCCAATTTCTTTTACA
YDR064W_4_UTR5_S + IV:579610-579751;CTATTACAAGTTCCGGTGTG;58;20;TGAGAAACGGCAGATAGTATA;58;21;CTATTACAAGTTCCGGTGTGTACACAGGTATAGTTTATACTGGAGAGTAGTTTCTACTCGCTGTACATTAGCTGGGTGATTCCAATTTCTTTTACAAATATGTTGCATTAGTTTAACAGGTTATACTATCTGCCGTTTCTCA
YIL018W_1_UTR3_S + IX:317814-317949;CAACATATTGGTAAGGCTTCT;58;21;GAAACCAAAATTAAAAAGATTAATC;60;25;CAACATATTGGTAAGGCTTCTACTATCTCTAGAGGTGCCGTTTCTGGTCAAAAGGCTGGTTTGATTGCTGCCAGAAGAACCGGTTTACTACGTGGTTCTCAAAAGACCCAAGATTAATCTTTTTAATTTTGGTTTC
YIL018W_2_UTR3_S + IX:317862-317995;CAAAAGGCTGGTTTGATTGC;58;20;TTATATAATATTTAAGAAAATTGAT;58;25;CAAAAGGCTGGTTTGATTGCTGCCAGAAGAACCGGTTTACTACGTGGTTCTCAAAAGACCCAAGATTAATCTTTTTAATTTTGGTTTCTTCCTTCTGTCATATTATTTTATCAATTTTCTTAAATATTATATAA
YML092C_3_CDS_S - XIII:86055-86177;CCATTCATATTGCCTTACTAAC;60;22;TTGGAATACCAGTGTAGCCT;58;20;CCATTCATATTGCCTTACTAACGCTGAAGGAGTCGGTAGAGGGCGAATTCAATGGTGACACCATTGAACTGGCTATTATTGGCGATGAGAACCCTGACTTGCTAGGCTACACTGGTATTCCAA
YKL138C_6_UTR5_S - XI:185599-185701;AGTTATAAGACTCCAATGTTTG;58;22;GGGTTTTTTGATGTGTGGA;58;19;AGTTATAAGACTCCAATGTTTGGCCCATTCAAATTAACAAGCCCCGTCGCTGGTGGCCTACTATGGAAAATTCCATGGAGAATGTCCACACATCAAAAAACCC
YPR062W_1_CDS_S + XVI:677313-677427;ACATGAGATTTCAAAAGGGATC;60;22;GACAGCGTCGTATACAAAGT;58;20;ACATGAGATTTCAAAAGGGATCCGCCACACTACATGGTGAGATCTCCACTTTGGAAAACTGTGGGAGATTAGAGGGCAAAGTGTACAAAGATACCACTTTGTATACGACGCTGTC
YLR029C_3_CDS_S - XII:202049-202155;CTCGTTACAACTGGATCTGT;58;20;GTTGAATTTGTGACCCTTGTT;58;21;CTCGTTACAACTGGATCTGTGACCCAGTTCACAAGCACCGTGAAGCTAGAGGTTTGACTGCCACTGGTAAGAAATCCAGAGGTATCAACAAGGGTCACAAATTCAAC
YML010W_48_CDS_S + XIII:250499-250660;CCAAGGTAATGGAGGTGCA;58;19;GATTCACCACCCGACGCC;60;18;CCAAGGTAATGGAGGTGCATCCGCTTGGGGCGGTGCTGGCGGCGGTGCCTCAGCTTGGGGCGGCCAAGGTACTGGTGCTACTTCTACTTGGGGTGGTGCTTCAGCCTGGGGTAACAAATCAAGTTGGGGCGGTGCATCCACTTGGGCGTCGGGTGGTGAATC
YPL220W_1_UTR3_S + XVI:136086-136483;ATCAAGAAGTTGTCTAAGAAGT;58;22;TAGTTCTGAAAGCGTTAAACTA;58;22;ATCAAGAAGTTGTCTAAGAAGTACAACGCTTTCATTGCTTCTGAAGTTTTGATCAAGCAAGTTCCAAGACTATTGGGTCCTCAATTGTCCAAGGCTGGTAAGTTCCCAACCCCAGTTTCTCACAACGATGACTTGTACGGTAAGGTCACTGATGTCAGATCTACCATCAAGTTCCAATTGAAGAAGGTCTTGTGTTTGGCTGTTGCCGTTGGTAACGTTGAAATGGAAGAAGACGTTTTGGTTAACCAAATCTTGATGTCTGTTAACTTCTTTGTTTCTTTGTTGAAGAAGAACTGGCAAAATGTTGGTTCCTTGGTTGTTAAGTCCTCCATGGGTCCAGCTTTCAGATTGTACTAAGCATAATTACGTGTTTTCATAGTTTAACGCTTTCAGAACTA
YGL172W_12_CDS_S + VII:181891-181996;ACTGCGGTAAATGGCATTGA;58;20;GCAGTAGGTTCTCTGCTTC;58;19;ACTGCGGTAAATGGCATTGATACAGATTTATTTGGCGCCCCAAATAACCCTAATTCTACAGCTATCACAGCAGATCTAGGTTCATCCGAAGCAGAGAACCTACTGC
YDL143W_13_UTR3_S + IV:201484-201605;CATCTTACAACCCGTACTTG;58;20;TATGGATACTGGGAAACCCA;58;20;CATCTTACAACCCGTACTTGTTAGTACAAGTGCAATTACCTTAGCGTCTGAATGTGTTAAATCCATCTTACGTATTGATGATATTGCATTCAGCCGTTAACATGGGTTTCCCAGTATCCATA
YPL231W_1_CDS_S + XVI:108656-108796;AGCCGGAAGTTGAGCAAGA;58;19;GACCGATTTCAACAACCCTT;58;20;AGCCGGAAGTTGAGCAAGAATTAGCTCATATTTTGCTAACTGAATTGTTAGCTTATCAATTTGCCTCTCCTGTGAGATGGATTGAAACTCAAGATGTTTTTTTGAAGGATTTTAACACTGAAAGGGTTGTTGAAATCGGTC
YAL038W_2_CDS_S + I:72286-72410;CTTTGAACGCCGGTAAGATC;60;20;GTGGACACCGTTCTTGACA;58;19;CTTTGAACGCCGGTAAGATCTGTTCCCACAAGGGTGTCAACTTACCAGGTACCGATGTCGATTTGCCAGCTTTGTCTGAAAAGGACAAGGAAGATTTGAGATTCGGTGTCAAGAACGGTGTCCAC
YAL038W_7_CDS_S + I:72611-72720;AGTCTTGGCTGTCCAAAAGA;58;20;TGGTTGGTCTTGGGTTGTAA;58;20;AGTCTTGGCTGTCCAAAAGAAATTGATTGCTAAGTCTAACTTGGCTGGTAAGCCAGTTATCTGTGCTACCCAAATGTTGGAATCCATGACTTACAACCCAAGACCAACCA
YBR092C_3_CDS_S - II:428025-428152;ACGCTACTTTGAAGTTGTTAAA;58;22;TAAGTTGTTTTTGTCGTCAATTA;58;23;ACGCTACTTTGAAGTTGTTAAAGCAAAGTGAAACTCAAGACTTAAAAGTCTGGTTGAGTTTTACCCACGATACCGATATCCTAAACTATTTGACCACCGCTGGTATAATTGACGACAAAAACAACTTA
YKL211C_11_CDS_S - XI:37523-37640;AGTACACTGTAGAAGGTGTG;58;20;GATGATTTGTTTTCCTCCCAA;58;21;AGTACACTGTAGAAGGTGTGCAATTTCATCCGGAATCCATCTTGACCGAGGAAGGTCATCTGATGATCAGGAACATTTTAAACGTCAGTGGAGGCACTTGGGAGGAAAACAAATCATC
YDR225W_7_CDS_S + IV:915808-915918;ATTGAACAAGCTATTGGGTAAC;60;22;TCTTGAGAAGCCTTGGTAGC;60;20;ATTGAACAAGCTATTGGGTAACGTTACCATTGCCCAAGGTGGTGTTTTGCCAAACATCCATCAAAACTTGTTGCCAAAGAAGTCTGCCAAGGCTACCAAGGCTTCTCAAGA
YGL135W_0_UTR3_S + VII:254784-255302;AAGCGTTTCTCTGGTTCTTTG;60;21;TGATTAGTACAATCTGAAAGCT;58;22;AAGCGTTTCTCTGGTTCTTTGAAGTTGCCAAACTGTCCAAGACCAAACATGTCCATCTGTATCTTCGGTGATGCTTTCGATGTTGACAGAGCTAAGTCTTGCGGTGTTGACGCTATGTCCGTCGATGACTTGAAGAAGTTGAACAAGAACAAGAAGTTAATCAAGAAGTTGTCTAAGAAGTACAACGCTTTCATTGCTTCCGAAGTTTTGATCAAGCAAGTTCCAAGACTATTGGGTCCTCAATTGTCCAAGGCTGGTAAGTTCCCAACCCCAGTTTCTCACAACGATGACTTGTACGGTAAGGTCACTGATGTCAGATCTACCATCAAGTTCCAATTGAAGAAGGTCTTGTGTTTGGCTGTTGCCGTTGGTAACGTTGAAATGGAAGAAGACGTTTTGGTTAACCAAATCTTGATGTCTGTTAACTTCTTTGTTTCTTTGTTGAAGAAGAACTGGCAAAATGTTGGTTCCTTGGTTGTTAAGTCCTCCATGGGTCCAGCTTTCAGATTGTACTAATCA
YCL017C_8_CDS_S - III:94015-94130;CTCTCTGGAAACGCATACC;58;19;TCATTGCAGTGCTACCAGAA;58;20;CTCTCTGGAAACGCATACCGATATTCAGGCTGCTGCAAAGGCACAGGCTAGTGCCCGTGCGAGTGCATCCGGTACCACCCCAGATGCTGTAGTAGCTTCTGGTAGCACTGCAATGA
YMR186W_0_CDS_S + XIII:632394-632511;AGTTGATGAGTTTGATCATCAA;58;22;GGATCAGACAAAGCTTGGTA;58;20;AGTTGATGAGTTTGATCATCAACACTGTCTATTCTAACAAGGAAATTTTCTTGAGAGAACTGATCTCTAACGCCTCCGATGCTTTAGACAAAATTAGATACCAAGCTTTGTCTGATCC
YKL029C_5_CDS_S - XI:382579-382684;AGATGATCTCCGCTGCAGT;58;19;GAAGTGTTGGTGATGGTG;58;18;AGATGATCTCCGCTGCAGTGGACCAACTAGCCGAATTGTCGCCACTAAGAGAGGGCGACTCGAGACCTGGGTTGCTACCCGGCCTGGACACCATCACCAACACTTC
YJR016C_5_CDS_S - X:464816-464944;AAAATTACCGGTAAGGAAGGT;58;21;TCTGATAACAACAACGGTTTTT;58;22;AAAATTACCGGTAAGGAAGGTACTTACTTCAAGGGTAGAGCACGTGTGTTCGAAGAGGAAGGTGCCTTTATTGAAGCCTTGGAAAGAGGTGAAATCAAGAAGGGTGAAAAAACCGTTGTTGTTATCAGA
YAL023C_4_CDS_S - I:106995-107114;CTTTCCGTATCAAGAACTTGG;60;21;TGTCCCTCTTGAATGGGTTT;58;20;CTTTCCGTATCAAGAACTTGGAGATGGGCTGTTACTTGGCTCAAACCGGTAACAGTTTGCCCGAATGGGGTTTCAGACAACAAGAGGTTGTCTGCATGAAAAACCCATTCAAGAGGGACA
YAL023C_14_CDS_S - I:107688-107817;ACTATTTCCGTCAAAATGGTG;58;21;TTGCCAACCAGTGGTTAATAT;58;21;ACTATTTCCGTCAAAATGGTGGGTCTATTTATCATCACTATGGTCGGTATCTATACTGTGATTGACTTATGGACCTTTTTGGCAGATAAATCCATGTCATGGAAAACCTATATTAACCACTGGTTGGCAA
YLR249W_35_CDS_S + XII:639708-639831;ACAACTGGGTTAGTGGTCAA;58;20;GCAGAAGACAACTTCTTCTTC;60;21;ACAACTGGGTTAGTGGTCAAGGTGCTGGTCCAAGAATCGAAAAGAAGGAAGACGAAGAAGATAAATTCGATGCTATGGGTAACAAGATTGCCGGTGGTAAGAAGAAGAAGAAGTTGTCTTCTGC
YKL152C_4_CDS_S - XI:163820-163960;ATGTCTTGCCAGAAACTGAAT;58;21;TAACCAAACCTCTCAAGGAG;58;20;ATGTCTTGCCAGAAACTGAATCTTTGGCTTTGGTCATTGACAGATTGTTGCCATACTGGCAAGATGTCATTGCCAAGGACTTGTTGAGTGGTAAGACCGTCATGATCGCCGCTCACGGTAACTCCTTGAGAGGTTTGGTTA
YKL152C_5_CDS_S - XI:163865-163995;AAAGGGTGATGAAAGATACAAG;60;22;TCTTACCACTCAACAAGTCC;58;20;AAAGGGTGATGAAAGATACAAGTACGTTGACCCAAATGTCTTGCCAGAAACTGAATCTTTGGCTTTGGTCATTGACAGATTGTTGCCATACTGGCAAGATGTCATTGCCAAGGACTTGTTGAGTGGTAAGA
YFR009W_28_CDS_S + VI:164510-164651;CCTTCTAACCATTTGGATACC;60;21;TACCTTGCTCTGAAACCCAA;58;20;CCTTCTAACCATTTGGATACCACTGGTCTAGACGCTTTGGTAGAAGCCTTGAAAAATTTCAACGGTGGTGTCTTAATGGTTTCCCATGATATCTCTGTTATTGACTCTGTTTGTAAAGAGATTTGGGTTTCAGAGCAAGGTA
YCR004C_6_CDS_S - III:119934-120069;ATTTGCCGGCTCAATGGTC;58;19;GCTTTAACGGTACTTTCTTGA;58;21;ATTTGCCGGCTCAATGGTCCGCCTTTTGGGATAAAACCGGTGGATTATGGGCCAAGGGCTCTTTGAACGGCAAAGCTGCGGGGATATTCGTTAGTACTTCCAGTTACGGAGGTGGTCAAGAAAGTACCGTTAAAGC
YOR369C_3_CDS_S - XV:1028304-1028450;ATTGGTTGTTTTGGTCAGCTC;60;21;TCGATCTTACCCAAACCAGC;60;20;ATTGGTTGTTTTGGTCAGCTCTGTTACTGAAGCTAACATTATCAAGTTGGTTGAAGGTTTGGCTAACGACCCAGAAAACAAGGTTCCATTGATCAAGGTTGCTGATGCTAAGCAATTAGGTGAATGGGCTGGTTTGGGTAAGATCGA
YJR123W_1_CDS_S + X:652145-652249;CTCAATGTCCAATCATTGAAAG;60;22;TGTCCAAAGTGTGCTTGATG;58;20;CTCAATGTCCAATCATTGAAAGATTGACCAACTCCTTGATGATGAACGGTAGAAACAACGGTAAGAAATTAAAGGCTGTTAGAATCATCAAGCACACTTTGGACA
YKL104C_10_CDS_S - XI:243603-243741;CAGTTAGTGTGGAATTAGCG;58;20;GCTCCTCTTTCTAAACAATAAT;58;22;CAGTTAGTGTGGAATTAGCGTCTGACTTTCTGGACAGAAAATGCCCTGTCTTCAGAGACGATGTATGCGTGTTTGTTTCACAAAGTGGTGAAACTGCGGATACCATGCTGGCTCTAAATTATTGTTTAGAAAGAGGAGC
YPL106C_0_CDS_S - XVI:350318-350428;AGGTTTCGATTCCATCAAAGC;60;21;GCTTGCTTCTTTTCTTCTTC;58;20;AGGTTTCGATTCCATCAAAGCTAAGTACATTGCCAAATACGAAGAATTGGCTTCTCTAGGTAACATTATTAGAGGTAGATACTTGGCTAAAGAAGAAGAAAAGAAGCAAGC
YML106W_3_UTR5_S + XIII:56754-56873;ATTAAGAAAGTTATTCAAAATGCC;60;24;TCTCTACCTGATTTCAACTTG;58;21;ATTAAGAAAGTTATTCAAAATGCCTATTATGTTGGAAGACTACCAAAAGAACTTTCTAGAGTTGGCCATCGAATGCCAGGCTCTAAGATTTGGTTCATTCAAGTTGAAATCAGGTAGAGA
YOR203W_34_UTR3_S + XV:725011-725134;CTAAAAAACTAAAGATTTCACTAT;58;24;GTTAAAGCAATTAAGCAAAAATAG;60;24;CTAAAAAACTAAAGATTTCACTATGATTATAAGCAATTAAGATTTTCATCTTTTAGTGAAAAGATGAAGGAATTATTATCTACTTTTACTATATTTTCCACTATTTTTGCTTAATTGCTTTAAC
YOR203W_35_UTR3_S + XV:725044-725180;CAATTAAGATTTTCATCTTTTAGT;58;24;GTGGAAATAAAAGATAATGTAA;58;22;CAATTAAGATTTTCATCTTTTAGTGAAAAGATGAAGGAATTATTATCTACTTTTACTATATTTTCCACTATTTTTGCTTAATTGCTTTAACCGATCTATTCATTGGACTGATTATTTACATTATCTTTTATTTCCAC
YOR203W_37_UTR3_S + XV:725135-725290;CGATCTATTCATTGGACTGAT;58;21;TGAACAGTAAGAATATTTTCGTA;58;23;CGATCTATTCATTGGACTGATTATTTACATTATCTTTTATTTCCACTTCCACTTTTTCAGTTTTCTTCGAATAGAGACTTTATTTTGAACAGTTTTTTCGACCTTTTTTGTTTGTTATTGTTTCTTTTTACCTTACGAAAATATTCTTACTGTTCA
YOR203W_39_UTR3_S + XV:725235-725382;ACCTTTTTTGTTTGTTATTGTTTC;60;24;TAGAGTATAAGGCGAGTCAAT;58;21;ACCTTTTTTGTTTGTTATTGTTTCTTTTTACCTTACGAAAATATTCTTACTGTTCACAGTACCATTGTATAATAGTATTCATTTCCTTCCTACATTTTCTCTCCCTTTTTTGAGTTGAGGCCTTTTTATTGACTCGCCTTATACTCTA
YOR203W_40_UTR3_S + XV:725280-725417;CTTACTGTTCACAGTACCATT;58;21;TTGATGTTTATTCTATCTACAAAA;58;24;CTTACTGTTCACAGTACCATTGTATAATAGTATTCATTTCCTTCCTACATTTTCTCTCCCTTTTTTGAGTTGAGGCCTTTTTATTGACTCGCCTTATACTCTACTTTATTTGTGTTTTGTAGATAGAATAAACATCAA
YOR203W_41_UTR3_S + XV:725280-725417;CTTACTGTTCACAGTACCATT;58;21;TTGATGTTTATTCTATCTACAAAA;58;24;CTTACTGTTCACAGTACCATTGTATAATAGTATTCATTTCCTTCCTACATTTTCTCTCCCTTTTTTGAGTTGAGGCCTTTTTATTGACTCGCCTTATACTCTACTTTATTTGTGTTTTGTAGATAGAATAAACATCAA
YKL127W_2_CDS_S + XI:203219-203326;CTTATAAGGACCAAAAACCGG;60;21;TAGATTGCATTGTTGCTTGAAT;58;22;CTTATAAGGACCAAAAACCGGGTACTTCAGGTTTACGTAAGAAGACCAAGGTTTTCATGGATGAGCCTCATTATACTGAGAACTTCATTCAAGCAACAATGCAATCTA
YDL205C_5_CDS_S - IV:93146-93257;CAAAAACTAGACGACCCAAAA;58;21;TTGTATCCGAATGGAATCGC;58;20;CAAAAACTAGACGACCCAAAATCTCCGTACCAATGCATCATCTTGGCGTCTGCTGGGTTGATGCGTATGGGGTTGGAAAACAGAATTACGCAGCGATTCCATTCGGATACAA
YKL006C-A_3_UTR3_S - XI:429955-430061;CTACATTCAGAAACATAAACCA;58;22;TTTGATATCGGTAAACATCGAT;58;22;CTACATTCAGAAACATAAACCAAGAGATTGGAGACCGAGCGGTCTCTGACAGTTCTGTCATAAACCAAATGACAGATTCATTGGGATCGATGTTTACCGATATCAAA
YKL006C-A_4_UTR3_S - XI:429995-430100;AGAATGATAGGAAACTAGAGG;58;21;TGGTTTATGACAGAACTGTCA;58;21;AGAATGATAGGAAACTAGAGGGGTTAGCCAATAAATTAGCTACATTCAGAAACATAAACCAAGAGATTGGAGACCGAGCGGTCTCTGACAGTTCTGTCATAAACCA
YPL064C_7_CDS_S - XVI:429439-429551;CATTGCCATTGAATTATGGGC;60;21;GTGTTGGCTTTAACTCTTTAAA;58;22;CATTGCCATTGAATTATGGGCTAAAGAATGCCCTGAGACATGTAAGAGGTTCTTATCTATGCTCTCAGATGGCACATTCACCAATGGAGAATTTAAAGAGTTAAAGCCAACAC
YNL287W_26_CDS_S + XIV:94575-94693;AGATTATTTTGAACAGTAGCTG;58;22;GGCTACTTTAGATCCAGTTAA;58;21;AGATTATTTTGAACAGTAGCTGCTTACCGGTGGAAAGTACCCAATTTGCTCCAAGTGATTCAAACTCCCACACCTTGAAATTATTTGGTAAGAGTGCTTTAACTGGATCTAAAGTAGCC
YLR044C_17_CDS_S - XII:233933-234060;AATATTTGTTCGAAAGATTAAAGC;60;24;GTTGGCGTTACCAGCCCA;58;18;AATATTTGTTCGAAAGATTAAAGCAAGTCAACGTTAACACCGTTTTCGGTTTGCCAGGTGACTTCAACTTGTCCTTGTTGGACAAGATCTACGAAGTTGAAGGTATGAGATGGGCTGGTAACGCCAAC
YJL034W_2_CDS_S + X:381497-381623;CTACTTATTCCTGTGTTGCTG;60;21;GCAGCATCACCAATCAATCT;58;20;CTACTTATTCCTGTGTTGCTGTGATGAAAAATGGTAAGACTGAAATTCTTGCTAATGAGCAAGGTAACAGAATCACCCCATCTTACGTGGCATTCACCGATGATGAAAGATTGATTGGTGATGCTGC
YML123C_8_CDS_S - XIII:25497-25643;CGATGACGAAGGTTTCGGT;58;19;GGACCTGGCATACTACCG;58;18;CGATGACGAAGGTTTCGGTTGGCAACAAGTTAAGACCATCTCCATTGCTGGTGTTGGTTTCTTGACAGATTCTTATGATATTTTTGCCATTAATTTGGGTATCACTATGATGTCCTACGTTTACTGGCACGGTAGTATGCCAGGTCC
YMR229C_22_CDS_S - XIII:727175-727310;AATTAAAAGCGTCACTGATTTTG;60;23;TCTGTCCCCAACACCAAAC;58;19;AATTAAAAGCGTCACTGATTTTGGTGTTTTCGTCAAACTAGATAACACTGTTAATGTTACTGGTTTGGCACATATTACTGAAATTGCGGACAAAAAACCTGAAGATCTTTCTGCCTTGTTTGGTGTTGGGGACAGA
YDR264C_18_CDS_S - IV:997073-997224;AATTCGTTCTGCCGTCATATG;60;21;TTGTTCATCAGAAAATGTTCGA;58;22;AATTCGTTCTGCCGTCATATGGACGAATGGGTGTCCACAACGTTACCTTGTTAAGGTCACCTTTGTTATCCGGTGTTTTTTTTGGCACTTTACTTTGGGTGACTATCGTTTGGTTTTTCAAAGTTATGCCTCGAACATTTTCTGATGAACAA
YJR064W_3_CDS_S + X:556067-556186;CTAGATCAGTAGCTTCTATTAT;58;22;TTTGGGACAAAATTGTAGCAC;58;21;CTAGATCAGTAGCTTCTATTATCAAAACTTCGTTGGGTCCCCGTGGGTTAGATAAGATCTTGATTTCACCTGACGGTGAAATCACCATCACTAACGATGGTGCTACAATTTTGTCCCAAA
YJR064W_4_CDS_S + X:556108-556230;CGTGGGTTAGATAAGATCTTG;60;21;GGAAAGTTGTACTAACAACTTT;58;22;CGTGGGTTAGATAAGATCTTGATTTCACCTGACGGTGAAATCACCATCACTAACGATGGTGCTACAATTTTGTCCCAAATGGAGCTAGATAATGAGATTGCAAAGTTGTTAGTACAACTTTCC
YEL071W_6_CDS_S + V:17034-17167;AGGGTACTATCGGTGTCGT;58;19;TAATTCACTTTTAGCCTTGACA;58;22;AGGGTACTATCGGTGTCGTTACTGGTGTATCCATAGTTGCAGCAGCAAAGCCAAAAGCCTTGAATGCCGTATTTTTTGGTATTGAGAATTTCGATACCGTTCAGAAATTATTTGTCAAGGCTAAAAGTGAATTA
YDR033W_9_UTR3_S + IV:509312-509447;ATTTCTTGTCGAATTTTTATTTTC;58;24;TTGATCAAAATGCACTGAGCA;58;21;ATTTCTTGTCGAATTTTTATTTTCTATCATAAAGTGCAATTCTAGACTCATTTTTTAATTTAATGGATCCATTTAATCCATTTCGTCAAGCAAGTATGTTTTCATAACAATATTTTGCTCAGTGCATTTTGATCAA
YNL112W_2_UTR5_S + XIV:413967-414086;AAAGCCAATCACCACTTTCG;58;20;GATAAAGCCATTGGCCAACC;60;20;AAAGCCAATCACCACTTTCGATGAAGCTGGTTTCCCAGACTACGTTTTGAATGAAGTGAAGGCTGAAGGATTTGACAAACCAACTGGCATTCAATGTCAGGGTTGGCCAATGGCTTTATC
YNL112W_11_CDS_S + XIV:416108-416275;AATTATTGAAATACGACAGGAG;58;22;TTGAACGACCTCTGTTACCC;60;20;AATTATTGAAATACGACAGGAGATCTTATGGTGGCGGTCACCCAAGATACGGTGGTGGTCGTGGTGGTCGTGGTGGCTATGGCCGTAGAGGTGGTTACGGTGGTGGCCGTGGTGGTTACGGCGGTAACAGGCAGAGAGATGGTGGCTGGGGTAACAGAGGTCGTTCAA
YCR072C_1_CDS_S - III:240955-241087;CTTTTGATAACTCTATCAAACTT;58;23;TCTTTGGAACATGACACCAG;58;20;CTTTTGATAACTCTATCAAACTTTGGGACGGTAGAGATGGTAAGTTTATCTCCACATTTAGAGGGCATGTAGCCAGCGTATACCAGGTTGCGTGGTCATCGGACTGCCGACTACTGGTGTCATGTTCCAAAGA
YML052W_4_CDS_S + XIII:170797-170937;CCTTTACGTTTTGACTTGGTG;60;21;TCGTCATGGAAAGCATTCTTT;58;21;CCTTTACGTTTTGACTTGGTGCTCGAAGATGCTTTCAGAGATGGTGCTTATCCTCATGTCTTTTGGGTTTGTCTTCAATACGGCAGCCGTTGTCTTGCAAACGGCCGCCTCTGCCATGGCAAAGAATGCTTTCCATGACGA
YML052W_5_CDS_S + XIII:170851-170992;CATGTCTTTTGGGTTTGTCTT;58;21;GACACTTGCCCAAGCCATA;58;19;CATGTCTTTTGGGTTTGTCTTCAATACGGCAGCCGTTGTCTTGCAAACGGCCGCCTCTGCCATGGCAAAGAATGCTTTCCATGACGATCATCGTAGTGCCCAATTGGGTGCCTCTATGATGGGTATGGCTTGGGCAAGTGTC
YJL080C_8_CDS_S - X:286533-286662;ATTGTTGCCGAAGCCTCCG;60;19;TAATTTCTTCACCACCAGCC;58;20;ATTGTTGCCGAAGCCTCCGATTTTGTCACTGAAGTCTTGAAAATTGATCACAAATACCATAAGTCAATTGTTGGTAGCGGTGGTCATATTTTAAGAGAAATTATCTCCAAGGCTGGTGGTGAAGAAATTA
YLR048W_6_UTR3_S + XII:243352-243484;CATTTGAAAACCTTGCAATGTG;60;22;GATAAACGATAGATGAATTTAAAA;58;24;CATTTGAAAACCTTGCAATGTGTGTGAATATTGTAAGGAATTGAGAAAGAGAGATAAAAAAAGAGACAGAAGTATCACTTCCTTTTCTAATTTTTCTTTTTCATTTTTTTTTTAAATTCATCTATCGTTTATC
YGL211W_13_CDS_S + VII:93350-93467;ATCATCCAAAGTGGCGAAAAT;58;21;TATTTGACGACAGATATCCAC;58;21;ATCATCCAAAGTGGCGAAAATTTGGCATTAAAGGCTAAAAAATCTAACGCTGGAAAGAGAGTCGTCAAATTTGTTGACGGCAATAGATGCGCTAGATGTGGATATCTGTCGTCAAATA
YJR077C_1_CDS_S - X:577361-577487;CAGCCAGCAGACACTCTG;58;18;TAGGCAACCCAGCAAAGGA;58;19;CAGCCAGCAGACACTCTGTTGTCCAAGGTCAACAAGACTAAGAAGGCTCCTGGCCAATCCACAGTCGGTTTGTTGGCTCAGTTGGCCAAACAGTTAGGATTTTTCGGTTCCTTTGCTGGGTTGCCTA
YLR449W_0_CDS_S + XII:1031273-1031376;ATTCGTCGTTACCGGTTCAT;58;20;TGTAATAGTCTTCTTCATCTTC;58;22;ATTCGTCGTTACCGGTTCATACACTATCTCTCTAACCGGTAACTACGTCAAACATCCATTCGACAATTCTTCAGATTCAGACGAAGATGAAGAAGACTATTACA
YDR236C_1_CDS_S - IV:935283-935400;AATGATTTTTATGGGGCCAGG;60;21;GCGCAGTCCTAATATCGATA;58;20;AATGATTTTTATGGGGCCAGGGTCAAGTTCAATATTTTAGGTCATATCAGACCCGAATTGAACTACACTACTAAGGAAGCTCTGATCGAAGACATCAATATCGATATTAGGACTGCGC
YLR264W_11_UTR3_S + XII:673640-673771;CAGAGAACAAATGCGTAGAAA;58;21;TATCTCATCAATTATAGTGAGTT;58;23;CAGAGAACAAATGCGTAGAAATACTCAATGATGTCAATTTTTCAAAAAATGAATTAAATGATTGAAGTCACTTAATTTTTGTGGTTTTTTGGAGGTGGGTTGAGTGTACAACTCACTATAATTGATGAGATA
YOL088C_6_CDS_S - XV:154457-154565;ACTCTGGCCCCAGTATACG;60;19;TTGGCCCGAAGAATTCACAG;60;20;ACTCTGGCCCCAGTATACGAAGAGCTTGGTGAGCTATACGCCAAAAAAGCTAATAAAGATGATACCCCAATTAACTTCCTTGAAGTTAACTGTGAATTCTTCGGGCCAA
YBR069C_20_CDS_S - II:377990-378134;AGTCATGATCAGTCTCGGTA;58;20;GCCTGCCGCTTGGATGAT;58;18;AGTCATGATCAGTCTCGGTACCGGTATAGGTACTGGTTTACTGGTCGGTAATGGTCAGGTGCTGGGAACAGCTGGTCCTGCCGGGTTAGTCCTTGGTTACGGAATAGCATCGATCATGCTTTACTGTATCATCCAAGCGGCAGGC
YGL215W_4_CDS_S + VII:88375-88500;CTACGATATTTCTATAATGTCAA;58;23;GCATTCAACACAGAAGATATG;58;21;CTACGATATTTCTATAATGTCAAAATTTATCATGGAAAATGCCTTTGTTGCCTTCAACGCGAACTATAGTACTGATGACCAGACCACTGATCTTTTTTTCAAGGGCATATCTTCTGTGTTGAATGC
YMR142C_2_UTR3_S - XIII:550425-550530;CCATTGGTATTGCTGTTGAC;58;20;GGGAAAACGATAATCTTGGAT;58;21;CCATTGGTATTGCTGTTGACCACAGACGTCAAAACAGAAACCAAGAAATCTTTGACGCTAACGTTCAAAGATTGAAGGAGTACCAATCCAAGATTATCGTTTTCCC
YEL051W_3_CDS_S + V:58718-58838;ACCCTGAAATTAATGATTTCAG;58;22;GTCTGTAAAGAGGCTAATTCA;58;21;ACCCTGAAATTAATGATTTCAGATTAACTGGTTTAGGTAGAGGTGGTCAACAGGTTCAACGAGCCAAGGAAATCTATTCAAGAGCCGTTGAAACTTTAGTTGAATTAGCCTCTTTACAGAC
YGR094W_30_CDS_S + VII:674501-674620;CCACTGGTGGTCGTGATAT;58;19;GTTGATAATCGTCACCGAGT;58;20;CCACTGGTGGTCGTGATATTAACTTAGATATCTTACGTGTCGAAGGTTACAGAAAGTTCTGTAACAAAATCTACCAAGCTACCAAGTTTGCATTGATGAGACTCGGTGACGATTATCAAC
YJL183W_17_UTR3_S + X:85246-85367;ACTTGGCTGCCTCCTTCAA;58;19;TTGTTTGAAACTAAATTGCAAGA;58;23;ACTTGGCTGCCTCCTTCAAGGGATGTAGATCAAGAGGTACGTGTGCTAGTGAAATAGGTCACATGTACCAGAAAATCAAGAAATCTTAGATGTGTGTAATCTTGCAATTTAGTTTCAAACAA
YOL058W_5_UTR3_S + XV:220480-220595;AGTTCATCGCCTCAAGATAG;58;20;TTCTTAAACTATTTATACAAAAGC;58;24;AGTTCATCGCCTCAAGATAGATAACGATCTCTTCCTCCACCTCCTATTTCTGCACACTCTTGTGATGTAAATACATATGTAGACATATGTAAGCTTTTGTATAAATAGTTTAAGAA
YOL058W_6_UTR3_S + XV:220480-220595;AGTTCATCGCCTCAAGATAG;58;20;TTCTTAAACTATTTATACAAAAGC;58;24;AGTTCATCGCCTCAAGATAGATAACGATCTCTTCCTCCACCTCCTATTTCTGCACACTCTTGTGATGTAAATACATATGTAGACATATGTAAGCTTTTGTATAAATAGTTTAAGAA
YJL050W_26_CDS_S + X:344540-344657;AACCAGGCAGATTAGTTGAAA;58;21;TGGTCTGTATAGACAGCACT;58;20;AACCAGGCAGATTAGTTGAAATCTCTGTCAATGGTAAGGATAACTATGGCTGGGGTGCTGTTGTCGATTTTGCTAAAAGAATTAACAAACGCAACCCAAGTGCTGTCTATACAGACCA
YOL123W_21_CDS_S + XV:89290-89415;AGCGGTTATGGCTACAACC;58;19;TCTATTGTATCCACCGCGAC;60;20;AGCGGTTATGGCTACAACCGTGATCGCGGTGATCGTGATCGTAACGATCGTGACCGCGATTACAATCACCGTAGTGGTGGAAACCATAGAAGAAACGGCCGTGGTGGTCGCGGTGGATACAATAGA
YOR202W_2_UTR3_S + XV:722565-722683;AATGGTACCAACGATGTTCC;58;20;TACTGACATTCATAGGTATACA;58;22;AATGGTACCAACGATGTTCCCTCCACCAAAGGTGTTCTTATGTAGTGACACCGATTATTTAAAGCTGCAGCATACGATATATATACATGTGTATATATGTATACCTATGAATGTCAGTA
YOR164C_1_UTR3_S - XV:643241-643371;AGATAAATATGTTTGCGGTGG;58;21;TAGACGCCAAGAGGCCTG;58;18;AGATAAATATGTTTGCGGTGGCTTGACGACCATGACGTATATACATATATATGTATGTGCTAGCTATTTGTCGTCTTTAATGATAGCAGACCTATTAAGGGCCTCCAACAATTCAGGCCTCTTGGCGTCTA
YCR012W_6_CDS_S + III:138166-138285;CAAGGAAGATGTTCAAAAGTTC;60;22;TGTGGCAAGTCGAAACCGA;58;19;CAAGGAAGATGTTCAAAAGTTCAGACACGAATTGAGCTCTTTGGCTGATGTTTACATCAACGATGCCTTCGGTACCGCTCACAGAGCTCACTCTTCTATGGTCGGTTTCGACTTGCCACA
YGL234W_1_CDS_S + VII:56502-56614;AGGAAACGGTGCAAGAGAAC;60;20;GCGAAGGATCCATGGTTGC;60;19;AGGAAACGGTGCAAGAGAACACGTTCTTGTCACCAAGCTGGCTCAGTCACCCACCGTGGGTAAGATCTATGTCGCTCCAGGTAATGGAGGGACCGCAACCATGGATCCTTCGC
YFL039C_8_UTR3_S - VI:53755-53881;CTCTCTACCTCACGCCATT;58;19;GTCACGGACAATTTCTCTTTC;60;21;CTCTCTACCTCACGCCATTTTGAGAATCGATTTGGCCGGTAGAGATTTGACTGACTACTTGATGAAGATCTTGAGTGAACGTGGTTACTCTTTCTCCACCACTGCTGAAAGAGAAATTGTCCGTGAC
YFL039C_13_UTR3_S - VI:54027-54123;ACCTTCTACAACGAATTGAGA;58;21;GAGTCATCTTTTCTCTGTTTG;58;21;ACCTTCTACAACGAATTGAGAGTTGCCCCAGAAGAACACCCTGTTCTTTTGACTGAAGCTCCAATGAACCCTAAATCAAACAGAGAAAAGATGACTC
YLR336C_4_CDS_S - XII:800250-800377;AAGCAAGTTCTTGAAATTCCAA;58;22;TTCGATAAATGGCTATACCTTT;58;22;AAGCAAGTTCTTGAAATTCCAAGAATTGTTTTACATTGTCTTTTGGCTGATAGTGGATCCAATGGTTATAATCATTACTACGCATTGGTCGCGAACAAAATATGTGAAAGGTATAGCCATTTATCGAA
YOR382W_2_CDS_S + XV:1059569-1059679;CTGCCGTCTCGGCAGCA;58;17;TGATAGGGTCAGCGGTGTC;60;19;CTGCCGTCTCGGCAGCAGCTGTGTCGAGTGTAATGACCACTAAGACTATTACTGCTACTAACGGTAATAACGTTTACACTAAGGTCGTTACCGACACCGCTGACCCTATCA
YPR102C_1_CDS_S - XVI:731340-731738;CAAAGCTCAAAACCCTATGC;58;20;GCACCTGGTCTGTTCATGA;58;19;CAAAGCTCAAAACCCTATGCGTGATTTGAAGATCGAAAAGTTGGTCTTAAACATTTCTGTTGGTGAATCTGGTGACAGATTGACCAGAGCCTCCAAGGTTTTAGAGCAATTATCTGGTCAAACTCCAGTTCAATCCAAGGCCAGATACACTGTCAGAACTTTCGGTATCAGAAGAAACGAAAAAATTGCTGTTCACGTTACCGTCAGAGGTCCAAAGGCTGAAGAAATTTTGGAAAGAGGTTTGAAGGTCAAGGAATACCAATTGAGAGACAGAAACTTCTCTGCTACCGGTAACTTCGGTTTCGGTATTGACGAACACATTGACTTGGGTATCAAGTATGACCCATCCATCGGTATTTTCGGTATGGATTTCTATGTCGTCATGAACAGACCAGGTGC
YOR335C_10_CDS_S - XV:947846-947972;ATCTTGGATGAAGAAGAAGCT;58;21;GTCTCCAAACTTGTTTACCG;58;20;ATCTTGGATGAAGAAGAAGCTTCTTTCGCTAAGACCTTGGATCGTGGTGAAAGACTATTTGAAAAATATGCTTCTGCTGCTTCTAAGACTGAATCTAAGACTTTAGACGGTAAACAAGTTTGGAGAC
YGR285C_3_CDS_S - VII:1062156-1062260;AAATGGGAAAGAGAAGCCGG;60;20;GGAGGCGTTAGCCTTGGC;60;18;AAATGGGAAAGAGAAGCCGGTGCCAGAGCTGAAGCTGAAGCTAAGGCCAAGGCCGAAGCTGAAGCGAAGGCTAAAGCTGAATCTGAAGCCAAGGCTAACGCCTCC
YGR285C_4_CDS_S - VII:1062188-1062291;AGAAGAAGAGAAGAAGGAA;58;19;TAGCCTTCGCTTCAGCTTC;58;19;AGAAGAAGAGAAGAAGGAAAAGGAAAGAAGAAAATGGGAAAGAGAAGCCGGTGCCAGAGCTGAAGCTGAAGCTAAGGCCAAGGCCGAAGCTGAAGCGAAGGCTA
YGR229C_11_CDS_S - VII:950579-950694;ATGAAGACATAAATATTGATGAAT;58;24;TAAATCTGGATTATGTTCACTG;58;22;ATGAAGACATAAATATTGATGAATTTACGTCCACGGAGTCAAACGATGGTGTCTCTGAAACCCTCTTAGCTTGGAGACACATCGATTTTTGGACCAGTGAACATAATCCAGATTTA
YBL091C_2_CDS_S - II:47646-47781;ACGGCGGTAAATCCGTTCC;60;19;GCATAATGAGAAACTTCCCC;58;20;ACGGCGGTAAATCCGTTCCCATCGTCAAAAATGGGGACACTACAAAAATGGAGGAAGGTGAGCACTTTGCCATTGAAACTTTTGGTTCTACTGGTAGAGGTTATGTTACTGCCGGTGGGGAAGTTTCTCATTATGC
YKL040C_8_CDS_S - XI:361186-361301;CACTGATGAAAACCTCATCAA;58;21;TTCTGTCTTTATTAATAGTGAGA;58;23;CACTGATGAAAACCTCATCAACCATTCCAAGTTAGCACAGCAAATTTTTTTGCAGTGTCCAGGAGTGGAGTCTTTAATGATAGGTGATGATTTTCTCACTATTAATAAAGACAGAA
YER091C_3_CDS_S - V:339880-340002;CCATCTTGAAGAGCTACCC;58;19;GGAAGTACTTGGCGGCTTC;60;19;CCATCTTGAAGAGCTACCCAGCTGAAAAGTTCTGGGTTAACCCAGATTGTGGTTTGAAGACTAGAGGCTGGGAAGAAACTAGATTGTCTTTGACTCATATGGTCGAAGCCGCCAAGTACTTCC
YPR132W_1_UTR3_S + XVI:795605-795765;AACTTTGTCGATGAAAATGACG;60;22;GCTTAAGATCTTGGCTTTTCC;60;21;AACTTTGTCGATGAAAATGACGAAGTCTTGCTAGCCGGTTTCGGTAGAAAGGGTAAGGCTAAGGGTGATATTCCAGGTGTTAGATTCAAGGTCGTTAAGGTCTCTGGTGTCTCCTTGTTGGCTTTGTGGAAGGAAAAGAAGGAAAAGCCAAGATCTTAAGC
YJL190C_5_CDS_S - X:75091-75215;ATCCTCCAAGGTCATTATCAA;58;21;TGTTCAATCTACCGTTCAATTG;60;22;ATCCTCCAAGGTCATTATCAAGTTTTTGCAAGTTATGCAAAAGCACGGTTACATTGGTGAATTTGAATACATCGATGACCACAGATCTGGTAAGATTGTTGTTCAATTGAACGGTAGATTGAACA
YJL190C_6_CDS_S - X:75136-75249;AAAAGACCGGTAAGCGTCAA;58;20;GGTCATCGATGTATTCAAATTC;60;22;AAAAGACCGGTAAGCGTCAAGTTTTAATCAGACCATCCTCCAAGGTCATTATCAAGTTTTTGCAAGTTATGCAAAAGCACGGTTACATTGGTGAATTTGAATACATCGATGACC
YMR205C_6_CDS_S - XIII:672774-672910;CATACGCTATCTACAATGGTT;58;21;TGCTTCTTCTGGAGTGACTC;60;20;CATACGCTATCTACAATGGTTGGTCTGGTTTGGCAAGACATGAAAGTGTTCGTTCTTTGAACTGGAAGGATATGTTGGGTTGGCAATCCCGTGGTGGTTCTGAAATCGGTACTAACAGAGTCACTCCAGAAGAAGCA
YKL060C_3_CDS_S - XI:326201-326314;AAGAATTCCACACTGGTATTG;58;21;TGTAGTCCTTCTTGTTCAAGA;58;21;AAGAATTCCACACTGGTATTGACAACGGTGTTGTCAAGGTCAACTTGGACACTGACTGTCAATACGCTTACTTGACTGGTATCAGAGACTACGTCTTGAACAAGAAGGACTACA
YKL060C_4_CDS_S - XI:326234-326362;AAAAGCCATTGTTCTTGGTCT;58;21;TACCAGTCAAGTAAGCGTATT;58;21;AAAAGCCATTGTTCTTGGTCTTCCACGGTGGTTCCGGTTCTACTGTCCAAGAATTCCACACTGGTATTGACAACGGTGTTGTCAAGGTCAACTTGGACACTGACTGTCAATACGCTTACTTGACTGGTA
YJL121C_5_CDS_S - X:190794-190914;CTGTGCCACGCCCTGGC;60;17;TCAGCACCACATTTAGCAAAA;58;21;CTGTGCCACGCCCTGGCGATGCTAGCAACACAGAAAAGAAGCCCACTGCGTTCTTCGATTGTCACATGATGGTTGAAAATCCTGAAAAATGGGTCGACGATTTTGCTAAATGTGGTGCTGA
YJR045C_3_CDS_S - X:520056-520173;AAATTGATTGGTAACTTCACTTT;58;23;TGTCTCTAGCAGAAACGTTAA;58;21;AAATTGATTGGTAACTTCACTTTAGCCGGTATCCCACCTGCTCCAAAGGGTGTCCCACAAATCGAAGTCACTTTTGACATCGATGCCGATGGTATTATTAACGTTTCTGCTAGAGACA
YJR045C_19_CDS_S - X:521289-521408;CTACTCCTTCTGTAGTAGCT;58;20;GACCAATCAAACGCTTGGTA;58;20;CTACTCCTTCTGTAGTAGCTTTCACTAAAGAGGGAGAACGTTTGGTTGGTATTCCAGCCAAGCGTCAAGCCGTAGTGAACCCAGAAAACACCCTATTTGCTACCAAGCGTTTGATTGGTC
YJR045C_20_CDS_S - X:521327-521440;AAAAATTATTGAAAACGCCGAAG;60;23;GGGTTCACTACGGCTTGAC;60;19;AAAAATTATTGAAAACGCCGAAGGTTCCAGAACTACTCCTTCTGTAGTAGCTTTCACTAAAGAGGGAGAACGTTTGGTTGGTATTCCAGCCAAGCGTCAAGCCGTAGTGAACCC
YGR024C_8_CDS_S - VII:532472-532600;ATGGCAAACTCTAAATTTGGAT;58;22;GGCAAACTCGTAGAACTTGG;60;20;ATGGCAAACTCTAAATTTGGATACGTAAGGCAATTTGAAACACACGATGTTATTTTGCCTCAGTGTTATATTGTGGTAAGAATAGACGGCAAGAAGTTTCATGAATTTTCCAAGTTCTACGAGTTTGCC
YJR120W_5_UTR3_S + X:647615-647720;ATATACTGCTACATCCCGTG;58;20;TGGAGTAGATTGAGCAGCTG;60;20;ATATACTGCTACATCCCGTGCTGCTTTTAAAGCAGCCAAACAATCCGCTCCGCTTCTATCCACTTCGTGGAAAAGATGTATGGCCTCAGCTGCTCAATCTACTCCA
YJR120W_10_UTR3_S + X:647810-647943;AATTAAAACACCTCAAGGTAAG;58;22;TAGGGCCACCAGTGTCAAG;60;19;AATTAAAACACCTCAAGGTAAGTTGGTTTTGGAAGTTGCTCAACATTTGGGTGAAAACACTGTCAGAACCATTGCTATGGATGGTACCGAAGGTTTGGTCCGTGGTGAAAAGGTTCTTGACACTGGTGGCCCTA
YJR120W_11_UTR3_S + X:647852-647984;ACATTTGGGTGAAAACACTGT;58;21;GATGATTCTCCCTAAAGTTTC;58;21;ACATTTGGGTGAAAACACTGTCAGAACCATTGCTATGGATGGTACCGAAGGTTTGGTCCGTGGTGAAAAGGTTCTTGACACTGGTGGCCCTATCTCCGTCCCAGTTGGGAGAGAAACTTTAGGGAGAATCATC
YOR052C_0_UTR3_S - XV:426554-426682;AACGCTTTTGATGCATTTCTC;58;21;GAGTAAGTGGTTACAATGAAC;58;21;AACGCTTTTGATGCATTTCTCTACAAAATAACATGTATAAATTACTTGAATGGTCTCTTCGTTTTTTTTTTTTTTTTCTTCATCTATCCTGACTCATCAAGAGAGACCGTTCATTGTAACCACTTACTC
YER177W_3_CDS_S + V:545976-546089;ATAAGATGAAGGGTGACTACC;60;21;TGGCAATTTCAGAAGCGGTC;60;20;ATAAGATGAAGGGTGACTACCACCGTTATTTGGCTGAATTTTCTAGTGGCGATGCTAGAGAAAAGGCCACAAACGCCTCTTTAGAAGCATACAAGACCGCTTCTGAAATTGCCA
YJR085C_2_UTR5_S - X:585348-585461;AGTTTGAGAGAAAGGAACATC;58;21;GATGGAATGGAGCCCTTAC;58;19;AGTTTGAGAGAAAGGAACATCAGATCACACTATGGAACATCCAGCATATACATTGAGTCTTTTGACTACAGCCGGTGGCCTTATGGGATACTACCGTAAGGGCTCCATTCCATC
YBL099W_2_CDS_S + II:37202-37355;AAGAATTAAGGGTGTGTCCG;58;20;GTTCAAAGCCATACCTTTAAC;58;21;AAGAATTAAGGGTGTGTCCGACGAGGCCAATTTGAACGAAACTGGTAGAGTTCTTGCAGTCGGTGATGGTATTGCTCGTGTTTTTGGTTTGAACAACATTCAGGCTGAAGAATTGGTCGAGTTCTCCTCTGGTGTTAAAGGTATGGCTTTGAAC
YBL099W_3_CDS_S + II:37242-37409;ACTGGTAGAGTTCTTGCAGT;58;20;TTTAACCAGTCTATCGGAACC;60;21;ACTGGTAGAGTTCTTGCAGTCGGTGATGGTATTGCTCGTGTTTTTGGTTTGAACAACATTCAGGCTGAAGAATTGGTCGAGTTCTCCTCTGGTGTTAAAGGTATGGCTTTGAACTTGGAGCCTGGTCAAGTCGGTATCGTTCTTTTCGGTTCCGATAGACTGGTTAAA
YMR236W_1_CDS_S + XIII:743127-743249;CGCTACAATTGATGGATTTTG;58;21;GTATGTCTTCTACTCCTAATC;58;21;CGCTACAATTGATGGATTTTGCACATAGGTACACACAAGGAGTCCTTAAGGACGCGTTGGTTTACAACGACTACGCTGGCAGTGGAAATTCTGCCGGCAGTGGATTAGGAGTAGAAGACATAC
YDR044W_1_CDS_S + IV:547409-547533;CAATGGCAGGCCATTAGAC;58;19;TGTTCAGGCAAACTCATCAAA;58;21;CAATGGCAGGCCATTAGACGTGGTAGATACGTTGAATTCAACTTAATCTACGATAGAGGTACCCAATTCGGTTTGAGAACCCCAGGCTCTAGAGTTGAGTCAATTTTGATGAGTTTGCCTGAACA
YER049W_3_CDS_S + V:251996-252128;CAACCAAAGTGGTGACTTGG;60;20;TTTGGTGACGTAGCCAAAAAA;58;21;CAACCAAAGTGGTGACTTGGCCAATTTGTCTGGTCTGGACTGGGATGACTTGTCCCGTTTGCCTAATTTGTTCAAGCTGCGCCAGATTCTGTATTCCAAGCAATATCGAGATTTTTTTGGCTACGTCACCAAA
YAL035W_17_CDS_S + I:77696-77796;CAAAATCAGACAAACCAACGT;58;21;TAGTTTTTGCCTTAATAGCGTC;60;22;CAAAATCAGACAAACCAACGTTCAAGGTGGTGAAGCTGGTGGCATCACCCAACAGATTGGTGCCACTTATTTCCCCATCGACGCTATTAAGGCAAAAACTA
YDL226C_4_CDS_S - IV:51526-51641;CAATTTTCAAAAGGAGAAGAAC;58;22;TACTTCCAAAGCCCTGATATT;58;21;CAATTTTCAAAAGGAGAAGAACGAAGCTTATTTTGCTGAGCTGGGCAAGAAGAACCAATCTAGACCAGATCATTTGCCCCCTTCTCAAGGTGGTAAATATCAGGGCTTTGGAAGTA
YMR243C_3_UTR3_S - XIII:754805-754921;ACCTACTGCCTATGGTGCT;58;19;TTCACCGACGGCTTCAGC;58;18;ACCTACTGCCTATGGTGCTACTACAGCATCATCTAATTGTATTGTAGATGACGCTGTAAACTGCAATACTTCCAATTGCCTGTAATAAAGATATAAAGGGCTGAAGCCGTCGGTGAA
YMR243C_4_CDS_S - XIII:754847-754956;CATGGAAACACTGAGCATGG;60;20;TTGGAAGTATTGCAGTTTACAG;60;22;CATGGAAACACTGAGCATGGTAGAAAAAAGCGTTCACCTACTGCCTATGGTGCTACTACAGCATCATCTAATTGTATTGTAGATGACGCTGTAAACTGCAATACTTCCAA
YHR071W_0_UTR5_S + VIII:236631-236752;CTTTTCTCTCACTACCGTAAC;60;21;GAATAGGGAGAACCAAATAAAT;58;22;CTTTTCTCTCACTACCGTAACAACGTGGTAGTTGGCAGAATATATATATTCTTGGCAACCTAGTTGTTACTCAAATAGAAGAAAAAGCAAGTTTCTCCCTATTTATTTGGTTCTCCCTATTC
YHR071W_4_UTR5_S + VIII:236822-236943;ATAGTTATAACAATGCACTCTTC;60;23;TTTGTAATGCCTATCCTTACAA;58;22;ATAGTTATAACAATGCACTCTTCCGTCTTCTAAGTTTTCCTTTTATTAAGGATGCGCGCAATAGAAGACACAGGCAATAATAGAATTTATTAGGGTATTATTGTAAGGATAGGCATTACAAA
YER110C_17_CDS_S - V:380269-380391;AATTTGCCGAACCTTTGGTTA;58;21;GAGCAAAATTTTCGCCGTAAA;58;21;AATTTGCCGAACCTTTGGTTAACTCCGCCTATGAGGCCATCAAAACTGATTCTGCTAGATTAAGAGAATCTGGTTATGCATTCATTGCAAACTTGGCTAAAGTTTACGGCGAAAATTTTGCTC
YJR025C_2_CDS_S - X:471322-471451;ACAGACGCTGAACCAAAGTT;58;20;GCCTATCTTGTTCCACAACA;58;20;ACAGACGCTGAACCAAAGTTCATTGATATCATCATCAATGAAGGCGATTCATATTTATTGCCAGGAAATGTTCCTCACAGTCCTGTTCGGTTTGCTGATACTGTGGGTATTGTTGTGGAACAAGATAGGC
YML070W_1_CDS_S + XIII:133486-133591;ATCGTTTGAAGTCACAGATCC;60;21;GGTCTTTCTGAAGAGAATTTTT;58;22;ATCGTTTGAAGTCACAGATCCAGTCAATTCAAGTCTCAAAGGGTTTGCCCTTGCTAACCCCTCCATTACGCTGGTCCCTGAAGAAAAAATTCTCTTCAGAAAGACC
YML070W_2_CDS_S + XIII:133523-133639;AAAGGGTTTGCCCTTGCTAA;58;20;TTCATGTCCACTACCACCAC;60;20;AAAGGGTTTGCCCTTGCTAACCCCTCCATTACGCTGGTCCCTGAAGAAAAAATTCTCTTCAGAAAGACCGATTCCGACAAGATCGCATTAATTTCTGGTGGTGGTAGTGGACATGAA
YPL207W_30_CDS_S + XVI:161882-162019;CGTGGTTTACCAGGTTTCAT;58;20;TTCCGTGGTAAACGCCTTC;58;19;CGTGGTTTACCAGGTTTCATTGAAGTTAAAGGCGCCACGTTTAGTGGCTCATCTGATGGGAATGGTAATCCTTTGACAATGCAGAATATTCCATTTTACGAGGAATGTGTAAAATTTGTGAAGGCGTTTACCACGGAA
YBL039C_19_UTR5_S - II:145624-145755;ACAAAAGAAACTTATAGACAGAA;58;23;TGACGTAACCTTTAAACCGAG;60;21;ACAAAAGAAACTTATAGACAGAAAATGAAGTACGTTGTTGTTTCAGGTGGTGTCATTTCGGGTATCGGTAAAGGTGTTCTTGCATCTTCAACTGGTATGCTAATGAAAACCCTCGGTTTAAAGGTTACGTCA
YDR354W_3_CDS_S + IV:1185361-1185472;CGTACTGGGACCACTTCTA;58;19;TGGATATACCAAAGCGGCTG;60;20;CGTACTGGGACCACTTCTACATCCAGTTAGCCACGTAAACAAGAGAATATTGGGCGTTTACTCAAAGGAACTTGCGCCTGAATATGCCAAGGCAGCCGCTTTGGTATATCCA
YDR354W_4_CDS_S + IV:1185397-1185523;AAACAAGAGAATATTGGGCGT;58;21;TGATACTTCGTCTAACCCAAC;60;21;AAACAAGAGAATATTGGGCGTTTACTCAAAGGAACTTGCGCCTGAATATGCCAAGGCAGCCGCTTTGGTATATCCAGGAAGCGAAACTTTTATAGTTTGGGGACATGTTGGGTTAGACGAAGTATCA
YDR354W_5_CDS_S + IV:1185435-1185560;CGCCTGAATATGCCAAGGC;60;19;TCGGATCAATATGCCAGACA;58;20;CGCCTGAATATGCCAAGGCAGCCGCTTTGGTATATCCAGGAAGCGAAACTTTTATAGTTTGGGGACATGTTGGGTTAGACGAAGTATCACCTATAGGCAAAACTACTGTCTGGCATATTGATCCGA
YDR449C_7_CDS_S - IV:1358312-1358440;ATACGAATATGAAGTTCATGCT;58;22;TTAGTGATGAAATTCAGCTCG;58;21;ATACGAATATGAAGTTCATGCTAACTTCAAGAGTTGTAGAAATATTTTTCAGAATGGGTTGAGGTTTAACCCTGATGTGCCTAAGCTATGGTATGAATATGTAAAATTCGAGCTGAATTTCATCACTAA
YGL103W_5_CDS_S + VII:311594-311701;ACATCACCACAGAATTAACATG;60;22;TTCAAGACTGGCTTCCAGAA;58;20;ACATCACCACAGAATTAACATGGATAAATACCATCCAGGTTATTTCGGTAAGGTTGGTATGAGATACTTCCACAAGCAACAAGCTCATTTCTGGAAGCCAGTCTTGAA
YEL036C_6_CDS_S - V:83965-84090;AAGGACTTCGGCCAAATCAT;58;20;GTATGGTTTCAGGGCCACG;60;19;AAGGACTTCGGCCAAATCATTGGTCAGTCCTTTTCTGATCGTCACGGGTTTGGCGCCCAGGGCCCCAGAAGAAAGCTGATGGCCAGGGCTCGTAATTGGCTTGGGTCCGTGGCCCTGAAACCATAC
YPL160W_26_CDS_S + XVI:250082-250197;AATGTTAAGAAGGCAGCACAA;58;21;GGTGGAATTTCAACTTCTTCA;58;21;AATGTTAAGAAGGCAGCACAAGCTTTGAAAATTGCTGAATTTAGCGCAATTTCTTTCCCATATGGCGCCAAAACCGGTAAGGATATCTTTACTGGTGAAGAAGTTGAAATTCCACC
YLR175W_8_CDS_S + XII:506680-506844;ACTTAGGTGTTTTCTGGGCT;58;20;TAACATCATGTAAAGTGACCAT;58;22;ACTTAGGTGTTTTCTGGGCTTCCTGTGAAGCTGGTACTTATATGCGTACTTTGTGTGTTCATTTAGGTATGCTATTAGGTGTTGGTGGTCACATGCAAGAATTGCGTCGTGTTAGATCCGGTGCTCTGTCTGAAAATGACAACATGGTCACTTTACATGATGTTA
YMR108W_20_CDS_S + XIII:485613-485738;AGAAATCCACATACTTTCATCA;58;22;GGATGCGTCACCATCAATG;58;19;AGAAATCCACATACTTTCATCACATCAGGTGGTTTAGGTACGATGGGTTACGGTCTCCCTGCCGCCATCGGTGCTCAAGTTGCAAAGCCAGAATCTTTGGTTATTGACATTGATGGTGACGCATCC
YEL027W_7_UTR3_S + V:101267-101378;ACTAAAGCAGGAATAGAGTATA;58;22;TGGATATGAAGTAAGAATAGG;60;21;ACTAAAGCAGGAATAGAGTATACAAAAGAATCTTTTTGTGAGAAACTATGAAAACTATCAAAATTTTTCATCTTAGAGATTGTTTATAGCCCCTATTCTTACTTCATATCCA
YOL086C_0_CDS_S - XV:159771-159898;CTAAAGGCCACTGACGGTG;60;19;GCACCAGCTGGCATACCG;60;18;CTAAAGGCCACTGACGGTGGTGCTCACGGTGTCATCAACGTTTCCGTTTCCGAAGCCGCTATTGAAGCTTCTACCAGATACGTTAGAGCTAACGGTACCACCGTTTTGGTCGGTATGCCAGCTGGTGC
YOL086C_2_CDS_S - XV:159860-159994;ATTGACGGTGGTGAAGGTAA;58;20;GTTGATGACACCGTGAGCA;58;19;ATTGACGGTGGTGAAGGTAAGGAAGAATTATTCAGATCCATCGGTGGTGAAGTCTTCATTGACTTCACTAAGGAAAAGGACATTGTCGGTGCTGTTCTAAAGGCCACTGACGGTGGTGCTCACGGTGTCATCAAC
YOL086C_3_CDS_S - XV:159903-160048;CTAGGTTCTTTGGCTGTTCA;58;20;GCACCGACAATGTCCTTTTC;60;20;CTAGGTTCTTTGGCTGTTCAATACGCCAAGGCTATGGGTTACAGAGTCTTGGGTATTGACGGTGGTGAAGGTAAGGAAGAATTATTCAGATCCATCGGTGGTGAAGTCTTCATTGACTTCACTAAGGAAAAGGACATTGTCGGTGC
YNL190W_5_UTR3_S + XIV:283010-283134;ATAAGCTTTGAATTGGATTTGAG;60;23;GTAGTCGAAATAGTATAATAAAAA;58;24;ATAAGCTTTGAATTGGATTTGAGAAATAAAGGAAGACCTAATTTTCTCCGGTTTTATGTTTTTTACCCCCCCTACCCCCTTCATCCTGAAGTAGTAAATTCTTTTTATTATACTATTTCGACTAC
YNL190W_6_UTR3_S + XIV:283092-283241;ATCCTGAAGTAGTAAATTCTTTT;58;23;TAAATCGTAGGTCCCAATTTC;58;21;ATCCTGAAGTAGTAAATTCTTTTTATTATACTATTTCGACTACTATGTGTTTACGTGTGCTTGTGCAAAAGTGAAATTTATTGTGATTGTGTTCTTTTTCTCTTTTTTTTATACAAAAAATGGAGAAAGGAAATTGGGACCTACGATTTA
YJL010C_2_CDS_S - X:418049-418170;AGTTGCCTGTTGTTGAGTGC;60;20;TTCAAAAACTTGTCGTCGTAG;58;21;AGTTGCCTGTTGTTGAGTGCATCGACTTTGGGCAATACCAGAGATGACTGGCCAACAGCAGAAGAAAGAAGACGATCAGTTTTCTTGGAACAATTAATTGACTACGACGACAAGTTTTTGAA
YLR150W_4_CDS_S + XII:441046-441149;CAAGAACGTCAAATCTAAGCA;58;21;TGTTGTTTCTGTCACCGAAG;58;20;CAAGAACGTCAAATCTAAGCAATTGAAGACCAAGGAGTACTTGGAATTTGATGCCACTTTTGTTGAATCTAACACTAGAAAGAACTTCGGTGACAGAAACAACA
YGL215W_4_CDS_L + VII:88071-88253;CTGCTGTTAATGTTGCTAGG;58;20;GGCCCGGAGGGGGAAG;60;16;CTGCTGTTAATGTTGCTAGGCAACTGCCTAAATATTTAGGTCATGTTCCCTCGCAATCAGTTCATACTCAGTTGCCATCCATGGCTTCTTTAGGTTACTTCAATCAGCCAAGTTCTACTTACTATGCTCCTCCTGCACCACTTCAACAGCACCAGCAACCACCTATCCTTCCCCCTCCGGGCC
YAR002C-A_0_CDS_L - I:154316-154548;ATTACAGAGACGCTGGTGC;58;19;TAACTTTTCATCAGAGCCCAC;60;21;ATTACAGAGACGCTGGTGCGCAAGATTTTGGTGTCTTGATTGATATTGAGGAAACTTTTGATGATAACCACCTGGTTGTTCATCAGAAAGGTTCAGCAAGTGGTGATTTAACTTTCCTTGCGTCTGATTCGGGTGAACATAAAATCTGTATTCAGCCCGAAGCTGGTGGCTGGTTGATTAAGGCTAAAACGAAGATTGACGTTGAATTCCAAGTGGGCTCTGATGAAAAGTTA
YAR002C-A_1_CDS_L - I:154428-154634;ACGTAAGTGCTTCCACAAGG;60;20;GCAAGGAAAGTTAAATCACCA;58;21;ACGTAAGTGCTTCCACAAGGAATTGTCTAAAGGTACTTTGTTCCAAGCAACTTACAAGGCACAAATTTACGATGACCAATTACAAAATTACAGAGACGCTGGTGCGCAAGATTTTGGTGTCTTGATTGATATTGAGGAAACTTTTGATGATAACCACCTGGTTGTTCATCAGAAAGGTTCAGCAAGTGGTGATTTAACTTTCCTTGC
YLR075W_1_CDS_L + XII:283051-283265;ACCGTCGATGAATTCCCATT;58;20;TGTTGCAATCTATCCGCACC;60;20;ACCGTCGATGAATTCCCATTGTGTGTCCATTTGGTTTCCAACGAATTGGAACAATTGTCTTCTGAAGCTTTGGAAGCTGCTCGTATCTGTGCCAACAAGTACATGACTACTGTCTCCGGTAGAGATGCTTTCCACTTAAGAGTCAGAGTCCATCCTTTCCATGTCTTGAGAATCAACAAGATGTTGTCTTGTGCCGGTGCGGATAGATTGCAACA
YDR064W_3_UTR5_L + IV:579826-580015;CACGTTAACCTATCGGAGG;58;19;TGTTTAAAGTAATATTTAGTGG;58;22;CACGTTAACCTATCGGAGGAGAACCAAGATTGAAGAATCACCCGGAATAGTTATACTTTAATGGAATTGTATGGTCTGAACGAGGAAATATGTCATGATACACTTTTCTTCAAGCCATATGAATCTTCATGTTACTAACATTCGATAAATTTTTTGGAATATCCAATTCCACTAAATATTACTTTAAACA
YPL231W_1_CDS_L + XVI:112148-112365;AGTTACTAAAGGGTGCCACT;58;20;TACGTATTTGTACATTTCGTATG;60;23;AGTTACTAAAGGGTGCCACTTTATACATTCCAAAGGCTTTGAGATTTGACCGTTTGGTTGCAGGTCAAATTCCAACTGGTTGGAATGCTAAGACTTATGGTATCTCTGATGATATCATTTCTCAGGTTGACCCAATCACATTATTCGTTTTGGTCTCTGTTGTGGAAGCATTTATTGCATCTGGTATCACCGACCCATACGAAATGTACAAATACGTA
YAL038W_2_CDS_L + I:73022-73222;CAAGTACAGACCAAACTGTC;58;20;TAAGTGTCACCCTTCTTCAAG;60;21;CAAGTACAGACCAAACTGTCCAATCATCTTGGTTACCAGATGCCCAAGAGCTGCTAGATTCTCTCACTTGTACAGAGGTGTCTTCCCATTCGTTTTCGAAAAGGAACCTGTCTCTGACTGGACTGATGATGTTGAAGCCCGTATCAACTTCGGTATTGAAAAGGCTAAGGAATTCGGTATCTTGAAGAAGGGTGACACTTA
YKL029C_5_CDS_L - XI:384162-384318;CAGATCCTTGACAGCATCAA;58;20;GGGTGTTTTAGTGACCTCC;58;19;CAGATCCTTGACAGCATCAAGGACAGCACCATTAAGAAGATGGCCTATTCAGCAATCGCGTTTATATTCTTCTAACACTAGATCGCATAAAGCTACCACAACAAGAGAAAATACTTTCCAAAAGCCATACAGCGACGAGGAGGTCACTAAAACACCC
YJR016C_5_CDS_L - X:465649-465825;AAACCATCATGATGGCACAAC;60;21;TGTTTTTAGAGATCTTCGAAGA;58;22;AAACCATCATGATGGCACAACACTACGATGCTAACATCGCCATCCCATCATGTGACAAAAACATGCCCGGTGTCATGATGGCCATGGGTAGACATAACAGACCTTCCATCATGGTATATGGTGGTACTATCTTGCCCGGTCATCCAACATGTGGTTCTTCGAAGATCTCTAAAAACA
YAL023C_4_CDS_L - I:107724-107970;ACTTTGGGCAGGTTCATTCT;58;20;TGGATTTATCTGCCAAAAAGG;58;21;ACTTTGGGCAGGTTCATTCTTTTGGACTCCATGCTACTTTTCTTCACTGTCGCATCGTTCTTTAGTTTTGTTATGTTCCACAACCAGAGGTCCAAGCCGTTCTCTAGAAAGTGGTGGAAATGGCTGTTGATCACTGGTATTTCTTTGGGTTGCACTATTTCCGTCAAAATGGTGGGTCTATTTATCATCACTATGGTCGGTATCTATACTGTGATTGACTTATGGACCTTTTTGGCAGATAAATCCA
YPL106C_0_CDS_L - XVI:350694-350885;AGATCACTGGTGTTCAATTAC;58;21;TTTTAGTAACCTTCTTAAATTCTT;58;24;AGATCACTGGTGTTCAATTACCAGAAGGTCAAGACTCTGTTCCTGTTAAGTTAAAGTTGAGATGCGACCCCTCTGGTTTACACACAATTGAAGAGGCTTACACTATTGAAGATATTGAAGTTGAAGAACCTATTCCATTACCAGAAGATGCTCCAGAAGATGCTGAGCAAGAATTTAAGAAGGTTACTAAAA
YJL034W_2_CDS_L + X:382840-383021;ATTCCACCAGCACCAAGAG;58;19;TTTTCAGCCTCTTCAACCATT;58;21;ATTCCACCAGCACCAAGAGGTGTACCTCAAATTGAAGTCACATTTGCACTTGACGCTAATGGTATTCTGAAGGTGTCTGCCACAGATAAGGGAACTGGTAAATCCGAATCTATCACCATCACTAACGATAAAGGTAGATTAACCCAAGAAGAGATTGATAGAATGGTTGAAGAGGCTGAAAA
